Peptide	Prev AA	Next AA	Peptide Length	Protein Start	Protein End	Class	Charges	Probability	Qvalue	Spectral Count	Intensity	Assigned Modifications	Observed Modifications	Is Decoy	Is Contaminant	Protein	Protein ID	Entry Name	Gene	Protein Description	Mapped Genes	Mapped Proteins
AAANGLDINAQVR	L	T	13	26	38		2, 3	1.0000	0.00000000000000	2	0.000000			false	false	D6ZZ45.1_151-194	D6ZZ45.1_151-194	D6ZZ45.1_151-194		D6ZZ45.1_151-194		
AAETIL	L	W	6	21	26		1	0.9802	0.00265957446809	1	0.000000			false	false	A0A0G1W8J2.1_151-193	A0A0G1W8J2.1_151-193	A0A0G1W8J2.1_151-193		A0A0G1W8J2.1_151-193		
AANPNAKNGIQPGDVL	L	V	16	27	42		3	1.0000	0.00000000000000	1	0.000000			false	false	A0A256A3S9.1_103-144	A0A256A3S9.1_103-144	A0A256A3S9.1_103-144		A0A256A3S9.1_103-144		
AANPNAKNGIQPGDVLVL	L	-	18	27	44		2, 3	1.0000	0.00000000000000	4	0.000000			false	false	A0A256A3S9.1_103-144	A0A256A3S9.1_103-144	A0A256A3S9.1_103-144		A0A256A3S9.1_103-144		
AANPNVNWDTL	K	L	11	27	37		2	1.0000	0.00000000000000	3	0.000000			false	false	H6BQE2.1_289-332	H6BQE2.1_289-332	H6BQE2.1_289-332		H6BQE2.1_289-332		
AANPNVNWDTLL	K	V	12	27	38		2	0.9802	0.00265957446809	2	0.000000			false	false	H6BQE2.1_289-332	H6BQE2.1_289-332	H6BQE2.1_289-332		H6BQE2.1_289-332		
ADPEKIMPGMK	L	I	11	33	43		3	0.9802	0.00265957446809	1	0.000000	7M(15.9949)		false	false	A0A1G8NY33.1_4-48	A0A1G8NY33.1_4-48	A0A1G8NY33.1_4-48		A0A1G8NY33.1_4-48		
ADRIVNEL	K	K	8	14	21		2	0.9965	0.00000000000000	2	0.000000			false	false	EHEE_rd4_0555	EHEE_rd4_0555	EHEE_rd4_0555		EHEE_rd4_0555		
ADRIVNELK	K	K	9	14	22		2, 3	1.0000	0.00000000000000	2	0.000000			false	false	EHEE_rd4_0555	EHEE_rd4_0555	EHEE_rd4_0555		EHEE_rd4_0555		
AEKNNRPFTY	K	N	10	13	22		2, 3	1.0000	0.00000000000000	2	0.000000			false	false	HEEH_rd3_0083.pdb_G	HEEH_rd3_0083.pdb_G	HEEH_rd3_0083.pdb_G		HEEH_rd3_0083.pdb_G		
AEWNGIADPSTIRPGQQINL	L	-	20	26	45		2, 3	1.0000	0.00000000000000	5	0.000000			false	false	A0A1N6IGX9.1_84-126	A0A1N6IGX9.1_84-126	A0A1N6IGX9.1_84-126		A0A1N6IGX9.1_84-126		
AGLTVTVTER	K	N	10	24	33		2	1.0000	0.00000000000000	2	0.000000			false	false	EHEE_rd2_1003	EHEE_rd2_1003	EHEE_rd2_1003		EHEE_rd2_1003		
AGLTVTVTERNGK	K	F	13	24	36		2, 3	1.0000	0.00000000000000	4	0.000000			false	false	EHEE_rd2_1003	EHEE_rd2_1003	EHEE_rd2_1003		EHEE_rd2_1003		
AGNPEHLEPGWVL	L	Q	13	37	49		2	0.9924	0.00265957446809	1	0.000000			false	false	A0A1G6HS57.1_166-215	A0A1G6HS57.1_166-215	A0A1G6HS57.1_166-215		A0A1G6HS57.1_166-215		
AGNPEHLEPGWVLQIP	L	-	16	37	52		2, 3	1.0000	0.00000000000000	5	0.000000			false	false	A0A1G6HS57.1_166-215	A0A1G6HS57.1_166-215	A0A1G6HS57.1_166-215		A0A1G6HS57.1_166-215		
AKTSTLKPGKVL	L	V	12	32	43		3	1.0000	0.00000000000000	1	0.000000			false	false	A0A0G1W8J2.1_151-193	A0A0G1W8J2.1_151-193	A0A0G1W8J2.1_151-193		A0A0G1W8J2.1_151-193		
ANAGYDPQAVQDK	L	V	13	26	38		2	1.0000	0.00000000000000	1	0.000000			false	false	PDB4CVD	PDB4CVD	PDB4CVD		PDB4CVD		
AQAPDAGATKTIGSVVTITVN	L	-	21	44	64		2, 3	1.0000	0.00000000000000	3	0.000000			false	false	A0A249L614.1_451-512	A0A249L614.1_451-512	A0A249L614.1_451-512		A0A249L614.1_451-512		
AQRHATTTAIL	L	Q	11	15	25		2, 3	1.0000	0.00000000000000	5	0.000000			false	false	A0A160T9Y7.1_199-237	A0A160T9Y7.1_199-237	A0A160T9Y7.1_199-237		A0A160T9Y7.1_199-237		
AQRHATTTAILQRANPGAL	L	V	19	15	33		3	0.9991	0.00000000000000	2	0.000000			false	false	A0A160T9Y7.1_199-237	A0A160T9Y7.1_199-237	A0A160T9Y7.1_199-237		A0A160T9Y7.1_199-237		
AQSPDPGIK	L	V	9	36	44		2	0.9999	0.00000000000000	1	0.000000			false	false	A0A1S2LLC2.1_584-637	A0A1S2LLC2.1_584-637	A0A1S2LLC2.1_584-637		A0A1S2LLC2.1_584-637		
ARVIRVK	R	S	7	29	35		3	0.9802	0.00265957446809	1	0.000000			false	false	PDB6NNB	PDB6NNB	PDB6NNB		PDB6NNB		
ATDPDLSKPVAKGSK	L	I	15	43	57		2, 3, 4	1.0000	0.00000000000000	3	0.000000			false	false	A0A017H478.1_115-176	A0A017H478.1_115-176	A0A017H478.1_115-176		A0A017H478.1_115-176		
AVAQGDDGYK	Y	I	10	4	13		2	1.0000	0.00000000000000	3	0.000000			false	false	H6BQE2.1_289-332	H6BQE2.1_289-332	H6BQE2.1_289-332		H6BQE2.1_289-332		
DDETAARTAYETARK	Y	N	15	9	23		3, 4	1.0000	0.00000000000000	2	0.000000			false	false	EHEE_rd2_1162.pdb_G	EHEE_rd2_1162.pdb_G	EHEE_rd2_1162.pdb_G		EHEE_rd2_1162.pdb_G		
DDKTQAETAARKL	Y	K	13	9	21		3	1.0000	0.00000000000000	1	0.000000			false	false	EHEE_rd2_0526.pdb_G	EHEE_rd2_0526.pdb_G	EHEE_rd2_0526.pdb_G		EHEE_rd2_0526.pdb_G		
DDRRQWWKVR	L	N	10	32	41		4	1.0000	0.00000000000000	1	0.000000			false	false	PDB1I0C	PDB1I0C	PDB1I0C		PDB1I0C		
DEEEWKK	R	L	7	30	36		2, 3	1.0000	0.00000000000000	2	0.000000			false	false	HEEH_TK_rd5_0453.pdb_GG	HEEH_TK_rd5_0453.pdb_GG	HEEH_TK_rd5_0453.pdb_GG		HEEH_TK_rd5_0453.pdb_GG		
DEEEWKKL	R	L	8	30	37		2, 3	0.9999	0.00000000000000	4	0.000000			false	false	HEEH_TK_rd5_0453.pdb_GG	HEEH_TK_rd5_0453.pdb_GG	HEEH_TK_rd5_0453.pdb_GG		HEEH_TK_rd5_0453.pdb_GG		
DFNSPDIRPGDR	L	I	12	39	50		2, 3	1.0000	0.00000000000000	2	0.000000			false	false	A0A2H5YN41.1_118-169	A0A2H5YN41.1_118-169	A0A2H5YN41.1_118-169		A0A2H5YN41.1_118-169		
DFNSPDIRPGDRIR	L	V	14	39	52		3, 4	1.0000	0.00000000000000	3	0.000000			false	false	A0A2H5YN41.1_118-169	A0A2H5YN41.1_118-169	A0A2H5YN41.1_118-169		A0A2H5YN41.1_118-169		
DFNSPDIRPGDRIRVP	L	-	16	39	54		3, 4	1.0000	0.00000000000000	3	0.000000			false	false	A0A2H5YN41.1_118-169	A0A2H5YN41.1_118-169	A0A2H5YN41.1_118-169		A0A2H5YN41.1_118-169		
DFSNPEEAVR	Y	F	10	13	22		2	1.0000	0.00000000000000	1	0.000000			false	false	EEHEE_rd4_0298	EEHEE_rd4_0298	EEHEE_rd4_0298		EEHEE_rd4_0298		
DGTLHVTS	K	-	8	39	46		1, 2	1.0000	0.00000000000000	3	0.000000			false	false	EEHEE_rd4_0581.pdb_S	EEHEE_rd4_0581.pdb_S	EEHEE_rd4_0581.pdb_S		EEHEE_rd4_0581.pdb_S		
DGTYKIES	K	-	8	39	46		2	0.9802	0.00265957446809	1	0.000000			false	false	EEHEE_rd4_0660.pdb_S	EEHEE_rd4_0660.pdb_S	EEHEE_rd4_0660.pdb_S		EEHEE_rd4_0660.pdb_S		
DGYSPEQVVK	K	I	10	16	25		2	0.9802	0.00265957446809	1	0.000000			false	false	HHH_rd4_0041.pdb_G	HHH_rd4_0041.pdb_G	HHH_rd4_0041.pdb_G		HHH_rd4_0041.pdb_G		
DGYSPEQVVKIL	K	K	12	16	27		2	1.0000	0.00000000000000	1	0.000000			false	false	HHH_rd4_0041.pdb_G	HHH_rd4_0041.pdb_G	HHH_rd4_0041.pdb_G		HHH_rd4_0041.pdb_G		
DIMRTPE	L	-	7	56	62		1, 2	0.9970	0.00000000000000	3	0.000000			false	false	PDB1I0C	PDB1I0C	PDB1I0C		PDB1I0C		
DKLKSEL	K	V	7	15	21		2	1.0000	0.00000000000000	1	0.000000			false	false	PDB1H9E	PDB1H9E	PDB1H9E		PDB1H9E		
DKVLEIL	K	K	7	21	27		1, 2	0.9947	0.00265957446809	2	0.000000			false	false	HHH_rd4_0639	HHH_rd4_0639	HHH_rd4_0639		HHH_rd4_0639		
DKVRKIL	L	S	7	38	44		2	1.0000	0.00000000000000	1	0.000000			false	false	HHH_rd4_0639	HHH_rd4_0639	HHH_rd4_0639		HHH_rd4_0639		
DLNRERL	L	A	7	30	36		3	0.9802	0.00265957446809	1	0.000000			false	false	A0A1G6HS57.1_166-215	A0A1G6HS57.1_166-215	A0A1G6HS57.1_166-215		A0A1G6HS57.1_166-215		
DLQPGDVVK	L	V	9	9	17		2	1.0000	0.00000000000000	1	0.000000			false	false	PDB6NNB	PDB6NNB	PDB6NNB		PDB6NNB		
DLQPGDVVKVL	L	E	11	9	19		2, 3	1.0000	0.00000000000000	4	0.000000			false	false	PDB6NNB	PDB6NNB	PDB6NNB		PDB6NNB		
DPATGVTY	K	Y	8	12	19		1	1.0000	0.00000000000000	3	0.000000			false	false	A0A250WVP4.1_360-390	A0A250WVP4.1_360-390	A0A250WVP4.1_360-390		A0A250WVP4.1_360-390		
DQAKGSLSGFGVQVL	L	E	15	12	26		2, 3	1.0000	0.00000000000000	4	0.000000			false	false	A0A1B1BFX4.1_782-841	A0A1B1BFX4.1_782-841	A0A1B1BFX4.1_782-841		A0A1B1BFX4.1_782-841		
DQIEEVL	R	R	7	21	27		1	0.9802	0.00265957446809	1	0.000000			false	false	HHH_rd2_0194	HHH_rd2_0194	HHH_rd2_0194		HHH_rd2_0194		
DQIYEIAKR	L	R	9	21	29		2, 3	1.0000	0.00000000000000	3	0.000000			false	false	HHH_rd4_0564.pdb_GS	HHH_rd4_0564.pdb_GS	HHH_rd4_0564.pdb_GS		HHH_rd4_0564.pdb_GS		
DSDLIIIGHTL	L	V	11	32	42		2	1.0000	0.00000000000000	1	0.000000			false	false	K0J079.1_75-116	K0J079.1_75-116	K0J079.1_75-116		K0J079.1_75-116		
DSGTGKELVL	L	A	10	18	27		2	1.0000	0.00000000000000	1	0.000000			false	false	PDB1TUD	PDB1TUD	PDB1TUD		PDB1TUD		
DSLANAGYDPQAVQDK	Y	V	16	23	38		2	1.0000	0.00000000000000	1	0.000000			false	false	PDB4CVD	PDB4CVD	PDB4CVD		PDB4CVD		
DSVITVKTV	R	-	9	52	60		2	1.0000	0.00000000000000	1	0.000000			false	false	C4LI33.1_661-718	C4LI33.1_661-718	C4LI33.1_661-718		C4LI33.1_661-718		
DTLHKIARK	R	Y	9	9	17		4	0.9802	0.00265957446809	2	0.000000			false	false	Q1Q042.1_149-197	Q1Q042.1_149-197	Q1Q042.1_149-197		Q1Q042.1_149-197		
DTTVDAL	Y	V	7	19	25		1	1.0000	0.00000000000000	2	0.000000			false	false	L0K8L2.1_130-173	L0K8L2.1_130-173	L0K8L2.1_130-173		L0K8L2.1_130-173		
DTTVDALVR	Y	I	9	19	27		1, 2	1.0000	0.00000000000000	3	0.000000			false	false	L0K8L2.1_130-173	L0K8L2.1_130-173	L0K8L2.1_130-173		L0K8L2.1_130-173		
DVHFAGIR	K	V	8	20	27		3	0.9828	0.00265957446809	1	0.000000			false	false	HEEH_TK_rd5_4785.pdb_GS	HEEH_TK_rd5_4785.pdb_GS	HEEH_TK_rd5_4785.pdb_GS		HEEH_TK_rd5_4785.pdb_GS		
DVQVTEDNGK	Y	W	10	27	36		2	1.0000	0.00000000000000	1	0.000000			false	false	EHEE_rd2_0061	EHEE_rd2_0061	EHEE_rd2_0061		EHEE_rd2_0061		
DVSGKGDMVL	L	A	10	26	35		2	0.9972	0.00000000000000	2	0.000000			false	false	A0A1S2LLC2.1_584-637	A0A1S2LLC2.1_584-637	A0A1S2LLC2.1_584-637		A0A1S2LLC2.1_584-637		
DWASVTRMK	L	V	9	18	26		3	0.9802	0.00265957446809	1	0.000000			false	false	F5L8Z4.1_645-698	F5L8Z4.1_645-698	F5L8Z4.1_645-698		F5L8Z4.1_645-698		
EALERGESLHL	K	F	11	13	23		2, 3	0.9917	0.00265957446809	2	0.000000			false	false	HEEH_TK_rd5_0453.pdb_GG	HEEH_TK_rd5_0453.pdb_GG	HEEH_TK_rd5_0453.pdb_GG		HEEH_TK_rd5_0453.pdb_GG		
EDTVTDPAQVGRVTVMNPVAGSPAIPGGTVIVVVGK	L	-	36	27	62		3, 4	1.0000	0.00000000000000	2	0.000000			false	false	A0A1B1BFX4.1_782-841	A0A1B1BFX4.1_782-841	A0A1B1BFX4.1_782-841		A0A1B1BFX4.1_782-841		
EEATGRSQWEAP	L	-	12	22	33		2	1.0000	0.00000000000000	1	0.000000			false	false	Q7S233.1_116-14	Q7S233.1_116-14	Q7S233.1_116-14		Q7S233.1_116-14		
EFSSPEEAEK	Y	F	10	13	22		2	1.0000	0.00000000000000	1	0.000000			false	false	EEHEE_rd4_0455.pdb_GS	EEHEE_rd4_0455.pdb_GS	EEHEE_rd4_0455.pdb_GS		EEHEE_rd4_0455.pdb_GS		
EGKKIVL	K	Y	7	49	55		3	0.9802	0.00265957446809	1	0.000000			false	false	A0A1T4WIL2.1_605-660	A0A1T4WIL2.1_605-660	A0A1T4WIL2.1_605-660		A0A1T4WIL2.1_605-660		
EGRTVHVAGFEIR	R	N	13	17	29		2, 3, 4	1.0000	0.00000000000000	4	0.000000			false	false	HEEH_TK_rd5_3127.pdb_GS	HEEH_TK_rd5_3127.pdb_GS	HEEH_TK_rd5_3127.pdb_GS		HEEH_TK_rd5_3127.pdb_GS		
EIAKRRGDEDVVK	Y	I	13	25	37		3	0.9866	0.00265957446809	1	0.000000			false	false	HHH_rd4_0564.pdb_GS	HHH_rd4_0564.pdb_GS	HHH_rd4_0564.pdb_GS		HHH_rd4_0564.pdb_GS		
EISASDTSKPVGEIL	R	A	15	29	43		2	1.0000	0.00000000000000	2	0.000000			false	false	A0A249L614.1_451-512	A0A249L614.1_451-512	A0A249L614.1_451-512		A0A249L614.1_451-512		
EQSIDPGKSY	Y	S	10	36	45		2	1.0000	0.00000000000000	2	0.000000			false	false	A0A1G7V5E1.1_666-718	A0A1G7V5E1.1_666-718	A0A1G7V5E1.1_666-718		A0A1G7V5E1.1_666-718		
ESAALGWVR	L	A	9	20	28		1, 2	1.0000	0.00000000000000	3	0.000000			false	false	PDB6NNB	PDB6NNB	PDB6NNB		PDB6NNB		
ESAALGWVRAR	L	V	11	20	30		3	0.9998	0.00000000000000	1	0.000000			false	false	PDB6NNB	PDB6NNB	PDB6NNB		PDB6NNB		
ETIAQNHNVPLMQL	L	L	14	12	25		2	1.0000	0.00000000000000	1	0.000000			false	false	A0A1I0MR33.1_53-96	A0A1I0MR33.1_53-96	A0A1I0MR33.1_53-96		A0A1I0MR33.1_53-96		
ETSGNLEQLLL	R	A	11	228	238		2	0.9996	0.00000000000000	1	0.000000			false	false	sp|P08758|ANXA5_HUMAN	P08758	ANXA5_HUMAN	ANXA5	Annexin A5		
EVESGDTISSIAEK	Y	F	14	4	17		2	1.0000	0.00000000000000	2	0.000000			false	false	A0A0G1W8J2.1_151-193	A0A0G1W8J2.1_151-193	A0A0G1W8J2.1_151-193		A0A0G1W8J2.1_151-193		
EVIKDPDLIYPGQK	K	I	14	34	47		3	0.9998	0.00000000000000	1	0.000000			false	false	A0A1V8M0P0.1_101-149	A0A1V8M0P0.1_101-149	A0A1V8M0P0.1_101-149		A0A1V8M0P0.1_101-149		
EVIKKLSG	R	-	8	39	46		2	0.9945	0.00265957446809	1	0.000000			false	false	HHH_rd4_0041.pdb_G	HHH_rd4_0041.pdb_G	HHH_rd4_0041.pdb_G		HHH_rd4_0041.pdb_G		
EVREVIK	K	K	7	36	42		2	0.9802	0.00265957446809	1	0.000000			false	false	HHH_rd4_0041.pdb_G	HHH_rd4_0041.pdb_G	HHH_rd4_0041.pdb_G		HHH_rd4_0041.pdb_G		
EYHFDNPEEAK	L	K	11	11	21		3	1.0000	0.00000000000000	2	0.000000			false	false	EEHEE_rd4_0660.pdb_S	EEHEE_rd4_0660.pdb_S	EEHEE_rd4_0660.pdb_S		EEHEE_rd4_0660.pdb_S		
EYHFDNPEEAKK	L	F	12	11	22		2, 3, 4	1.0000	0.00000000000000	3	0.000000			false	false	EEHEE_rd4_0660.pdb_S	EEHEE_rd4_0660.pdb_S	EEHEE_rd4_0660.pdb_S		EEHEE_rd4_0660.pdb_S		
EYYYHTETK	K	Q	9	18	26		2	0.9999	0.00000000000000	1	0.000000			false	false	A0A1Z5KNI4.1_260-290	A0A1Z5KNI4.1_260-290	A0A1Z5KNI4.1_260-290		A0A1Z5KNI4.1_260-290		
FDEPEQAKK	K	F	9	14	22		2, 3	1.0000	0.00000000000000	2	0.000000			false	false	EEHEE_rd4_0183.pdb_GS	EEHEE_rd4_0183.pdb_GS	EEHEE_rd4_0183.pdb_GS		EEHEE_rd4_0183.pdb_GS		
FERSNIYPGETIVI	L	-	14	33	46		2	1.0000	0.00000000000000	1	0.000000			false	false	A0A1I0MR33.1_53-96	A0A1I0MR33.1_53-96	A0A1I0MR33.1_53-96		A0A1I0MR33.1_53-96		
FEVRVE	K	-	6	37	42		1, 2	0.9997	0.00000000000000	4	0.000000			false	false	EHEE_rd2_1003	EHEE_rd2_1003	EHEE_rd2_1003		EHEE_rd2_1003		
FFNQAK	K	G	6	9	14		1	0.9802	0.00265957446809	1	0.000000			false	false	A0A202DGQ6.1_1-62	A0A202DGQ6.1_1-62	A0A202DGQ6.1_1-62		A0A202DGQ6.1_1-62		
FGFEIR	L	D	6	24	29		1, 2	0.9999	0.00000000000000	3	0.000000			false	false	HEEH_TK_rd5_0453.pdb_GG	HEEH_TK_rd5_0453.pdb_GG	HEEH_TK_rd5_0453.pdb_GG		HEEH_TK_rd5_0453.pdb_GG		
FGISVK	K	R	6	18	23		1, 2	0.9985	0.00000000000000	2	0.000000			false	false	A0A1F1IFM3.1_225-267	A0A1F1IFM3.1_225-267	A0A1F1IFM3.1_225-267		A0A1F1IFM3.1_225-267		
FGISVKRL	K	R	8	18	25		3	0.9802	0.00265957446809	1	0.000000			false	false	A0A1F1IFM3.1_225-267	A0A1F1IFM3.1_225-267	A0A1F1IFM3.1_225-267		A0A1F1IFM3.1_225-267		
FGLAAETIL	K	W	9	18	26		2	0.9802	0.00265957446809	1	0.000000			false	false	A0A0G1W8J2.1_151-193	A0A0G1W8J2.1_151-193	A0A0G1W8J2.1_151-193		A0A0G1W8J2.1_151-193		
FHRNSVL	Y	N	7	27	33		2	0.9999	0.00000000000000	1	0.000000			false	false	E8RAZ5.1_120-18	E8RAZ5.1_120-18	E8RAZ5.1_120-18		E8RAZ5.1_120-18		
FLEWWRKEVGS	K	-	11	37	47		2	0.9802	0.00265957446809	1	0.000000			false	false	HEEH_TK_rd5_3127.pdb_GS	HEEH_TK_rd5_3127.pdb_GS	HEEH_TK_rd5_3127.pdb_GS		HEEH_TK_rd5_3127.pdb_GS		
FQSVDPGVEVPKGTTVSLTI	R	-	20	42	61		2, 3	1.0000	0.00000000000000	6	0.000000			false	false	A0A2A9E9G9.1_632-690	A0A2A9E9G9.1_632-690	A0A2A9E9G9.1_632-690		A0A2A9E9G9.1_632-690		
FVHQSDL	Y	N	7	28	34		1, 2	0.9998	0.00000000000000	2	0.000000			false	false	A0A202DGQ6.1_1-62	A0A202DGQ6.1_1-62	A0A202DGQ6.1_1-62		A0A202DGQ6.1_1-62		
FVHVSGL	Y	I	7	28	34		1, 2	1.0000	0.00000000000000	3	0.000000			false	false	A0A0S7C355.1_14-73	A0A0S7C355.1_14-73	A0A0S7C355.1_14-73		A0A0S7C355.1_14-73		
GAGTNEKVL	K	T	9	102	110		2	0.9802	0.00265957446809	1	0.000000			false	false	sp|P08758|ANXA5_HUMAN	P08758	ANXA5_HUMAN	ANXA5	Annexin A5		
GASDDEIKQIL	L	K	11	31	41		2, 3	1.0000	0.00000000000000	3	0.000000			false	false	HHH_rd2_0194	HHH_rd2_0194	HHH_rd2_0194		HHH_rd2_0194		
GASDDEIKQILKNIG	L	-	15	31	45		3	1.0000	0.00000000000000	1	0.000000			false	false	HHH_rd2_0194	HHH_rd2_0194	HHH_rd2_0194		HHH_rd2_0194		
GINPDVKPGKVVEGQTIL	L	L	18	27	44		3	1.0000	0.00000000000000	1	0.000000			false	false	A8J094.1_34-77	A8J094.1_34-77	A8J094.1_34-77		A8J094.1_34-77		
GINPDVKPGKVVEGQTILLP	L	-	20	27	46		2, 3, 4	1.0000	0.00000000000000	6	0.000000			false	false	A8J094.1_34-77	A8J094.1_34-77	A8J094.1_34-77		A8J094.1_34-77		
GLSDDEVDK	L	V	9	31	39		2	0.9802	0.00265957446809	1	0.000000			false	false	HHH_rd4_0150	HHH_rd4_0150	HHH_rd4_0150		HHH_rd4_0150		
GLSDGEWQQVL	M	N	11	2	12		2	1.0000	0.00000000000000	2	0.000000			false	false	sp|P68082|MYG_HORSE	P68082	MYG_HORSE	MB	Myoglobin		
GMKKSDGIKIL	R	K	11	10	20		2, 3, 4	1.0000	0.00000000000000	3	0.000000			false	false	A0A1T4WIL2.1_605-660	A0A1T4WIL2.1_605-660	A0A1T4WIL2.1_605-660		A0A1T4WIL2.1_605-660		
GQAKQVL	L	A	7	14	20		1, 2	0.9990	0.00000000000000	2	0.000000			false	false	A0A1D8G333.1_585-642	A0A1D8G333.1_585-642	A0A1D8G333.1_585-642		A0A1D8G333.1_585-642		
GQQLVIP	K	-	7	43	49		1	0.9834	0.00265957446809	2	0.000000			false	false	A0A1F7L0H3.1_68-114	A0A1F7L0H3.1_68-114	A0A1F7L0H3.1_68-114		A0A1F7L0H3.1_68-114		
GSLSGFGVQVL	K	E	11	16	26		2	0.9959	0.00265957446809	1	0.000000			false	false	A0A1B1BFX4.1_782-841	A0A1B1BFX4.1_782-841	A0A1B1BFX4.1_782-841		A0A1B1BFX4.1_782-841		
GVSEEEIK	L	R	8	31	38		1, 2	1.0000	0.00000000000000	2	0.000000			false	false	HHH_rd4_0384	HHH_rd4_0384	HHH_rd4_0384		HHH_rd4_0384		
GVSEEEIKRIL	L	K	11	31	41		2, 3	1.0000	0.00000000000000	2	0.000000			false	false	HHH_rd4_0384	HHH_rd4_0384	HHH_rd4_0384		HHH_rd4_0384		
GYDVQVTEDNGK	R	W	12	25	36		2	1.0000	0.00000000000000	1	0.000000			false	false	EHEE_rd2_0061	EHEE_rd2_0061	EHEE_rd2_0061		EHEE_rd2_0061		
GYETTNL	L	E	7	25	31		1, 2	1.0000	0.00000000000000	2	0.000000			false	false	HEEH_TK_rd5_2591.pdb_G	HEEH_TK_rd5_2591.pdb_G	HEEH_TK_rd5_2591.pdb_G		HEEH_TK_rd5_2591.pdb_G		
HFDNPEK	Y	A	7	13	19		2	0.9998	0.00000000000000	2	0.000000			false	false	EEHEE_rd3_0523	EEHEE_rd3_0523	EEHEE_rd3_0523		EEHEE_rd3_0523		
HMATVEVQGMK	-	Y	11	1	11		2, 3	1.0000	0.00000000000000	5	0.000000			false	false	EEHEE_rd4_0455.pdb_GS	EEHEE_rd4_0455.pdb_GS	EEHEE_rd4_0455.pdb_GS		EEHEE_rd4_0455.pdb_GS		
HMDEEAKKL	-	V	9	1	9		3	0.9999	0.00000000000000	1	0.000000			false	false	HHH_rd4_0150	HHH_rd4_0150	HHH_rd4_0150		HHH_rd4_0150		
HMDEEEL	-	R	7	1	7		1, 2	1.0000	0.00000000000000	3	0.000000			false	false	HEEH_TK_rd5_0453.pdb_GG	HEEH_TK_rd5_0453.pdb_GG	HEEH_TK_rd5_0453.pdb_GG		HEEH_TK_rd5_0453.pdb_GG		
HMDEEELRR	-	L	9	1	9		2, 3	1.0000	0.00000000000000	5	0.000000			false	false	HEEH_TK_rd5_0453.pdb_GG	HEEH_TK_rd5_0453.pdb_GG	HEEH_TK_rd5_0453.pdb_GG		HEEH_TK_rd5_0453.pdb_GG		
HMDEELK	-	K	7	1	7		2	1.0000	0.00000000000000	1	0.000000			false	false	HHH_rd4_0048.pdb_S	HHH_rd4_0048.pdb_S	HHH_rd4_0048.pdb_S		HHH_rd4_0048.pdb_S		
HMDETITVDGEEL	-	A	13	1	13		2	1.0000	0.00000000000000	2	0.000000			false	false	EHEE_rd4_0653.pdb_G	EHEE_rd4_0653.pdb_G	EHEE_rd4_0653.pdb_G		EHEE_rd4_0653.pdb_G		
HMDKVEEL	-	V	8	1	8		1, 2, 3	1.0000	0.00000000000000	4	0.000000			false	false	HHH_rd4_0639	HHH_rd4_0639	HHH_rd4_0639		HHH_rd4_0639		
HMEDEVK	-	R	7	1	7		2	0.9994	0.00000000000000	1	0.000000			false	false	HHH_rd2_0123.pdb_GS	HHH_rd2_0123.pdb_GS	HHH_rd2_0123.pdb_GS		HHH_rd2_0123.pdb_GS		
HMEIPSL	-	V	7	1	7		1, 2	1.0000	0.00000000000000	8	0.000000			false	false	A0A017H478.1_115-176	A0A017H478.1_115-176	A0A017H478.1_115-176		A0A017H478.1_115-176		
HMEIPSLVGTNL	-	L	12	1	12		2	1.0000	0.00000000000000	2	0.000000			false	false	A0A017H478.1_115-176	A0A017H478.1_115-176	A0A017H478.1_115-176		A0A017H478.1_115-176		
HMEIPSLVGTNLL	-	T	13	1	13		2	1.0000	0.00000000000000	1	0.000000			false	false	A0A017H478.1_115-176	A0A017H478.1_115-176	A0A017H478.1_115-176		A0A017H478.1_115-176		
HMEVPNL	-	A	7	1	7		1, 2	1.0000	0.00000000000000	3	0.000000			false	false	A0A1H9XPY5.1_479-54	A0A1H9XPY5.1_479-54	A0A1H9XPY5.1_479-54		A0A1H9XPY5.1_479-54		
HMGSPSPLPPGWEER	-	Q	15	1	15		3	1.0000	0.00000000000000	1	0.000000			false	false	PDB2N8S	PDB2N8S	PDB2N8S		PDB2N8S		
HMHEVKKGDTISGIAKK	-	Y	17	1	17		3, 4, 5	1.0000	0.00000000000000	4	0.000000			false	false	A0A1G2L332.1_192-235	A0A1G2L332.1_192-235	A0A1G2L332.1_192-235		A0A1G2L332.1_192-235		
HMHIVQKGDTL	-	W	11	1	11		3	1.0000	0.00000000000000	1	0.000000			false	false	A0A1G8NY33.1_4-48	A0A1G8NY33.1_4-48	A0A1G8NY33.1_4-48		A0A1G8NY33.1_4-48		
HMHIVQKGDTLWNL	-	A	14	1	14		2, 3, 4	1.0000	0.00000000000000	4	0.000000			false	false	A0A1G8NY33.1_4-48	A0A1G8NY33.1_4-48	A0A1G8NY33.1_4-48		A0A1G8NY33.1_4-48		
HMHKVDKGEGL	-	I	11	1	11		3	1.0000	0.00000000000000	1	0.000000			false	false	A0A142L281.1_24-65	A0A142L281.1_24-65	A0A142L281.1_24-65		A0A142L281.1_24-65		
HMHKVVAGDSL	-	Y	11	1	11		2, 3	1.0000	0.00000000000000	6	0.000000	2M(15.9949)		false	false	A0A080JVR7.1_582-623	A0A080JVR7.1_582-623	A0A080JVR7.1_582-623		A0A080JVR7.1_582-623		
HMHQVQAGDTY	-	Y	11	1	11		2, 3	1.0000	0.00000000000000	3	0.000000			false	false	A0A098R160.1_78-120	A0A098R160.1_78-120	A0A098R160.1_78-120		A0A098R160.1_78-120		
HMHTIEKGDTL	-	F	11	1	11		2, 3	1.0000	0.00000000000000	3	0.000000			false	false	K0J079.1_75-116	K0J079.1_75-116	K0J079.1_75-116		K0J079.1_75-116		
HMHTVSSGETIY	-	S	12	1	12		2, 3	1.0000	0.00000000000000	3	0.000000			false	false	A0A256A3S9.1_103-144	A0A256A3S9.1_103-144	A0A256A3S9.1_103-144		A0A256A3S9.1_103-144		
HMHTVSSGETIYSIAKK	-	Y	17	1	17		3, 4	1.0000	0.00000000000000	6	0.000000			false	false	A0A256A3S9.1_103-144	A0A256A3S9.1_103-144	A0A256A3S9.1_103-144		A0A256A3S9.1_103-144		
HMHVVAPGETL	-	S	11	1	11		2, 3	1.0000	0.00000000000000	6	0.000000			false	false	D6ZZ45.1_151-194	D6ZZ45.1_151-194	D6ZZ45.1_151-194		D6ZZ45.1_151-194		
HMHVVEPGDTL	-	W	11	1	11		2, 3	1.0000	0.00000000000000	9	0.000000			false	false	C8WRB5.1_4-47	C8WRB5.1_4-47	C8WRB5.1_4-47		C8WRB5.1_4-47		
HMHVVEPGDTLWEL	-	G	14	1	14		2, 3	1.0000	0.00000000000000	7	0.000000	2M(15.9949)		false	false	C8WRB5.1_4-47	C8WRB5.1_4-47	C8WRB5.1_4-47		C8WRB5.1_4-47		
HMHVVQSGETVWTISR	-	R	16	1	16		3, 4	1.0000	0.00000000000000	3	0.000000			false	false	A0A1I3P575.1_4-47	A0A1I3P575.1_4-47	A0A1I3P575.1_4-47		A0A1I3P575.1_4-47		
HMHVVQSGETVWTISRR	-	Y	17	1	17		3, 4	1.0000	0.00000000000000	9	0.000000			false	false	A0A1I3P575.1_4-47	A0A1I3P575.1_4-47	A0A1I3P575.1_4-47		A0A1I3P575.1_4-47		
HMIEVPDL	-	V	8	1	8		1, 2	1.0000	0.00000000000000	2	0.000000			false	false	A0A1S2LLC2.1_584-637	A0A1S2LLC2.1_584-637	A0A1S2LLC2.1_584-637		A0A1S2LLC2.1_584-637		
HMIIIPEIR	-	G	9	1	9		2, 3	1.0000	0.00000000000000	11	0.000000			false	false	A0A1T4WIL2.1_605-660	A0A1T4WIL2.1_605-660	A0A1T4WIL2.1_605-660		A0A1T4WIL2.1_605-660		
HMIIIPEIRGMK	-	K	12	1	12		2, 3, 4	1.0000	0.00000000000000	11	0.000000	11M(15.9949), 2M(15.9949)		false	false	A0A1T4WIL2.1_605-660	A0A1T4WIL2.1_605-660	A0A1T4WIL2.1_605-660		A0A1T4WIL2.1_605-660		
HMLPAGWAEAK	-	D	11	1	11		2, 3	1.0000	0.00000000000000	4	0.000000			false	false	A0A250WVP4.1_360-390	A0A250WVP4.1_360-390	A0A250WVP4.1_360-390		A0A250WVP4.1_360-390		
HMLPAGWAEAKDPATGVTY	-	Y	19	1	19		2, 3	1.0000	0.00000000000000	2	0.000000			false	false	A0A250WVP4.1_360-390	A0A250WVP4.1_360-390	A0A250WVP4.1_360-390		A0A250WVP4.1_360-390		
HMLPEGWEL	-	N	9	1	9		1, 2	1.0000	0.00000000000000	5	0.000000	2M(15.9949)		false	false	T1EEB7.1_148-177	T1EEB7.1_148-177	T1EEB7.1_148-177		T1EEB7.1_148-177		
HMLPENWK	-	A	8	1	8		2, 3	1.0000	0.00000000000000	3	0.000000			false	false	A0A0D2VF83.1_224-253	A0A0D2VF83.1_224-253	A0A0D2VF83.1_224-253		A0A0D2VF83.1_224-253		
HMLPNGWQAVQDPASGK	-	E	17	1	17		2, 3	1.0000	0.00000000000000	3	0.000000			false	false	A0A1Z5KNI4.1_260-290	A0A1Z5KNI4.1_260-290	A0A1Z5KNI4.1_260-290		A0A1Z5KNI4.1_260-290		
HMLPNGWQAVQDPASGKEY	-	Y	19	1	19		2, 3, 4	1.0000	0.00000000000000	8	0.000000	2M(15.9949)		false	false	A0A1Z5KNI4.1_260-290	A0A1Z5KNI4.1_260-290	A0A1Z5KNI4.1_260-290		A0A1Z5KNI4.1_260-290		
HMLPNVVGQTL	-	D	11	1	11		2, 3	1.0000	0.00000000000000	4	0.000000	2M(15.9949)		false	false	A0A1B1BFX4.1_782-841	A0A1B1BFX4.1_782-841	A0A1B1BFX4.1_782-841		A0A1B1BFX4.1_782-841		
HMLPPDWEETTDVGTGQK	-	Y	18	1	18		2, 3	1.0000	0.00000000000000	3	0.000000			false	false	A0A176VG57.1_904-934	A0A176VG57.1_904-934	A0A176VG57.1_904-934		A0A176VG57.1_904-934		
HMLPPNWEIR	-	H	10	1	10		2, 3	1.0000	0.00000000000000	8	0.000000			false	false	A0A0E9NM77.1_7-37	A0A0E9NM77.1_7-37	A0A0E9NM77.1_7-37		A0A0E9NM77.1_7-37		
HMLPPSWK	-	V	8	1	8		1, 2, 3	1.0000	0.00000000000000	5	0.000000			false	false	F1QJI9.1_2566-2595	F1QJI9.1_2566-2595	F1QJI9.1_2566-2595		F1QJI9.1_2566-2595		
HMLPPSWKVARDPEGRIY	-	Y	18	1	18		4	1.0000	0.00000000000000	1	0.000000			false	false	F1QJI9.1_2566-2595	F1QJI9.1_2566-2595	F1QJI9.1_2566-2595		F1QJI9.1_2566-2595		
HMMDRQGFVPAAY	-	V	13	1	13		2, 3	1.0000	0.00000000000000	6	0.000000			false	false	PDB1TUD	PDB1TUD	PDB1TUD		PDB1TUD		
HMMEEAEK	-	V	8	1	8		2	1.0000	0.00000000000000	2	0.000000			false	false	HHH_rd4_0384	HHH_rd4_0384	HHH_rd4_0384		HHH_rd4_0384		
HMMQVEVNGL	-	T	10	1	10		1, 2	1.0000	0.00000000000000	4	0.000000			false	false	EEHEE_rd4_0581.pdb_S	EEHEE_rd4_0581.pdb_S	EEHEE_rd4_0581.pdb_S		EEHEE_rd4_0581.pdb_S		
HMMQVEVNGLTY	-	T	12	1	12		2	1.0000	0.00000000000000	2	0.000000			false	false	EEHEE_rd4_0581.pdb_S	EEHEE_rd4_0581.pdb_S	EEHEE_rd4_0581.pdb_S		EEHEE_rd4_0581.pdb_S		
HMPEDVK	-	K	7	1	7		2	1.0000	0.00000000000000	1	0.000000			false	false	HHH_rd1_0236	HHH_rd1_0236	HHH_rd1_0236		HHH_rd1_0236		
HMPEDVKKL	-	L	9	1	9		2, 3	0.9999	0.00000000000000	2	0.000000			false	false	HHH_rd1_0236	HHH_rd1_0236	HHH_rd1_0236		HHH_rd1_0236		
HMPTDEL	-	H	7	1	7		1, 2	0.9967	0.00000000000000	3	0.000000			false	false	HHH_rd1_0016.pdb_S	HHH_rd1_0016.pdb_S	HHH_rd1_0016.pdb_S		HHH_rd1_0016.pdb_S		
HMPTDELHER	-	A	10	1	10		2, 3, 4	1.0000	0.00000000000000	4	0.000000			false	false	HHH_rd1_0016.pdb_S	HHH_rd1_0016.pdb_S	HHH_rd1_0016.pdb_S		HHH_rd1_0016.pdb_S		
HMSEEEL	-	E	7	1	7		1	0.9990	0.00000000000000	2	0.000000			false	false	HEEH_TK_rd5_2969.pdb_S	HEEH_TK_rd5_2969.pdb_S	HEEH_TK_rd5_2969.pdb_S		HEEH_TK_rd5_2969.pdb_S		
HMSFEDL	-	L	7	1	7		1, 2	1.0000	0.00000000000000	2	0.000000			false	false	HEEH_TK_rd5_2117.pdb_G	HEEH_TK_rd5_2117.pdb_G	HEEH_TK_rd5_2117.pdb_G		HEEH_TK_rd5_2117.pdb_G		
HMSNAVL	-	E	7	1	7		1, 2	1.0000	0.00000000000000	3	0.000000			false	false	PDB6BV7	PDB6BV7	PDB6BV7		PDB6BV7		
HMSQKL	-	L	6	1	6		2	0.9972	0.00000000000000	1	0.000000			false	false	HEEH_rd3_0083.pdb_G	HEEH_rd3_0083.pdb_G	HEEH_rd3_0083.pdb_G		HEEH_rd3_0083.pdb_G		
HMTEEEIK	-	E	8	1	8		2, 3	1.0000	0.00000000000000	3	0.000000			false	false	HEEH_TK_rd5_0710.pdb_G	HEEH_TK_rd5_0710.pdb_G	HEEH_TK_rd5_0710.pdb_G		HEEH_TK_rd5_0710.pdb_G		
HMTEEEIKER	-	L	10	1	10		3	1.0000	0.00000000000000	1	0.000000			false	false	HEEH_TK_rd5_0710.pdb_G	HEEH_TK_rd5_0710.pdb_G	HEEH_TK_rd5_0710.pdb_G		HEEH_TK_rd5_0710.pdb_G		
HMTEEY	-	E	6	1	6		1, 2	0.9983	0.00000000000000	4	0.000000			false	false	EHEE_rd2_1162.pdb_G	EHEE_rd2_1162.pdb_G	EHEE_rd2_1162.pdb_G		EHEE_rd2_1162.pdb_G		
HMTETRTY	-	T	8	1	8		2	1.0000	0.00000000000000	2	0.000000			false	false	EHEE_rd2_0061	EHEE_rd2_0061	EHEE_rd2_0061		EHEE_rd2_0061		
HMTEVHVDGITYK	-	F	13	1	13		2, 3, 4	1.0000	0.00000000000000	3	0.000000			false	false	EEHEE_rd4_0183.pdb_GS	EEHEE_rd4_0183.pdb_GS	EEHEE_rd4_0183.pdb_GS		EEHEE_rd4_0183.pdb_GS		
HMTLTY	-	T	6	1	6		1	1.0000	0.00000000000000	1	0.000000			false	false	EHEE_rd2_1003	EHEE_rd2_1003	EHEE_rd2_1003		EHEE_rd2_1003		
HMTTTYTY	-	D	8	1	8		1, 2	1.0000	0.00000000000000	8	0.000000			false	false	EHEE_rd2_0526.pdb_G	EHEE_rd2_0526.pdb_G	EHEE_rd2_0526.pdb_G		EHEE_rd2_0526.pdb_G		
HMTVPDVKGMGAR	-	D	13	1	13		3, 4	1.0000	0.00000000000000	3	0.000000			false	false	A0A1G7V5E1.1_666-718	A0A1G7V5E1.1_666-718	A0A1G7V5E1.1_666-718		A0A1G7V5E1.1_666-718		
HMVAVPQL	-	I	8	1	8		1, 2	1.0000	0.00000000000000	3	0.000000			false	false	C4LI33.1_661-718	C4LI33.1_661-718	C4LI33.1_661-718		C4LI33.1_661-718		
HMVDVPQVTGL	-	M	11	1	11		2	1.0000	0.00000000000000	1	0.000000			false	false	A0A1D8G333.1_585-642	A0A1D8G333.1_585-642	A0A1D8G333.1_585-642		A0A1D8G333.1_585-642		
HMVDVPQVTGLML	-	G	13	1	13		2, 3	1.0000	0.00000000000000	7	0.000000	2M(15.9949)		false	false	A0A1D8G333.1_585-642	A0A1D8G333.1_585-642	A0A1D8G333.1_585-642		A0A1D8G333.1_585-642		
HMVETPDMTGWSLK	-	E	14	1	14		3	1.0000	0.00000000000000	1	0.000000			false	false	F5L8Z4.1_645-698	F5L8Z4.1_645-698	F5L8Z4.1_645-698		F5L8Z4.1_645-698		
HMVPNVVGMSPQQANK	-	A	16	1	16		3	1.0000	0.00000000000000	1	0.000000			false	false	A0A1G9VJ07.1_678-735	A0A1G9VJ07.1_678-735	A0A1G9VJ07.1_678-735		A0A1G9VJ07.1_678-735		
HMVQVPLL	-	V	8	1	8		2	1.0000	0.00000000000000	2	0.000000			false	false	A0A249L614.1_451-512	A0A249L614.1_451-512	A0A249L614.1_451-512		A0A249L614.1_451-512		
HMVQVPLLVGL	-	N	11	1	11		2	0.9985	0.00000000000000	1	0.000000			false	false	A0A249L614.1_451-512	A0A249L614.1_451-512	A0A249L614.1_451-512		A0A249L614.1_451-512		
HMVTVPDL	-	I	8	1	8		2	0.9959	0.00265957446809	1	0.000000			false	false	R6SK17.1_110-17	R6SK17.1_110-17	R6SK17.1_110-17		R6SK17.1_110-17		
HMVVLPEIR	-	N	9	1	9		2, 3	1.0000	0.00000000000000	9	0.000000			false	false	A0A1V4IT84.1_612-667	A0A1V4IT84.1_612-667	A0A1V4IT84.1_612-667		A0A1V4IT84.1_612-667		
HMYEVESGDTISSIAEK	-	F	17	1	17		3	1.0000	0.00000000000000	1	0.000000			false	false	A0A0G1W8J2.1_151-193	A0A0G1W8J2.1_151-193	A0A0G1W8J2.1_151-193		A0A0G1W8J2.1_151-193		
HMYRVK	-	S	6	1	6		3	0.9802	0.00265957446809	1	0.000000			false	false	V6Q4L5.1_554-595	V6Q4L5.1_554-595	V6Q4L5.1_554-595		V6Q4L5.1_554-595		
HMYTL	-	R	5	1	5		1, 2	0.9802	0.00265957446809	2	0.000000			false	false	A8J094.1_34-77	A8J094.1_34-77	A8J094.1_34-77		A8J094.1_34-77		
HMYTVAAGDTWQSL	-	A	14	1	14		2	1.0000	0.00000000000000	1	0.000000			false	false	A0A160T9Y7.1_199-237	A0A160T9Y7.1_199-237	A0A160T9Y7.1_199-237		A0A160T9Y7.1_199-237		
HMYTVEKGDSL	-	S	11	1	11		2	1.0000	0.00000000000000	2	0.000000			false	false	A0A1V2M9W8.1_38-8	A0A1V2M9W8.1_38-8	A0A1V2M9W8.1_38-8		A0A1V2M9W8.1_38-8		
HMYTVQKGDTL	-	S	11	1	11		2, 3	1.0000	0.00000000000000	4	0.000000			false	false	A0A1T1HEJ4.1_89-131	A0A1T1HEJ4.1_89-131	A0A1T1HEJ4.1_89-131		A0A1T1HEJ4.1_89-131		
HMYTVQPGDNL	-	Y	11	1	11		2	1.0000	0.00000000000000	2	0.000000			false	false	A0A1S6INE5.1_174-215	A0A1S6INE5.1_174-215	A0A1S6INE5.1_174-215		A0A1S6INE5.1_174-215		
HMYTVQPGDNLYR	-	I	13	1	13		3	1.0000	0.00000000000000	1	0.000000			false	false	A0A1S6INE5.1_174-215	A0A1S6INE5.1_174-215	A0A1S6INE5.1_174-215		A0A1S6INE5.1_174-215		
HMYTVQPGDTL	-	F	11	1	11		2	1.0000	0.00000000000000	2	0.000000			false	false	A0A1L6LTT3.1_6-54	A0A1L6LTT3.1_6-54	A0A1L6LTT3.1_6-54		A0A1L6LTT3.1_6-54		
HMYTVSPGDTL	-	E	11	1	11		2	1.0000	0.00000000000000	1	0.000000			false	false	A0A1I0MR33.1_53-96	A0A1I0MR33.1_53-96	A0A1I0MR33.1_53-96		A0A1I0MR33.1_53-96		
HMYTVTSGDTL	-	W	11	1	11		2	1.0000	0.00000000000000	1	0.000000			false	false	R5LLS0.1_54-104	R5LLS0.1_54-104	R5LLS0.1_54-104		R5LLS0.1_54-104		
HMYTVVAGDSL	-	Y	11	1	11		2	1.0000	0.00000000000000	2	0.000000	2M(15.9949)		false	false	A0A2G1QR46.1_342-384	A0A2G1QR46.1_342-384	A0A2G1QR46.1_342-384		A0A2G1QR46.1_342-384		
HMYTVVAGDSPWRVAQK	-	F	17	1	17		4	0.9998	0.00000000000000	1	0.000000			false	false	A0A1F1IFM3.1_225-267	A0A1F1IFM3.1_225-267	A0A1F1IFM3.1_225-267		A0A1F1IFM3.1_225-267		
HMYVVQEGDTL	-	L	11	1	11		2	1.0000	0.00000000000000	2	0.000000			false	false	A0A2H5YN41.1_118-169	A0A2H5YN41.1_118-169	A0A2H5YN41.1_118-169		A0A2H5YN41.1_118-169		
HPEKEIEQL	K	I	9	34	42		2	0.9802	0.00265957446809	1	0.000000			false	false	PDB6BV7	PDB6BV7	PDB6BV7		PDB6BV7		
IAEIK	Y	R	5	31	35		2	0.9802	0.00265957446809	1	0.000000			false	false	R5LLS0.1_54-104	R5LLS0.1_54-104	R5LLS0.1_54-104		R5LLS0.1_54-104		
IAGDIIIIP	L	-	9	38	46		1, 2	1.0000	0.00000000000000	14	0.000000			false	false	A0A1G2L332.1_192-235	A0A1G2L332.1_192-235	A0A1G2L332.1_192-235		A0A1G2L332.1_192-235		
IAMANPTVDPIR	L	L	12	28	39		2, 3	1.0000	0.00000000000000	14	0.000000	3M(15.9949)		false	false	A0A1Z8LDH6.1_390-43	A0A1Z8LDH6.1_390-43	A0A1Z8LDH6.1_390-43		A0A1Z8LDH6.1_390-43		
IAMANPTVDPIRL	L	Q	13	28	40		2, 3	1.0000	0.00000000000000	4	0.000000			false	false	A0A1Z8LDH6.1_390-43	A0A1Z8LDH6.1_390-43	A0A1Z8LDH6.1_390-43		A0A1Z8LDH6.1_390-43		
IAMANPTVDPIRLQVGQVIKLP	L	-	22	28	49		3	1.0000	0.00000000000000	1	0.000000			false	false	A0A1Z8LDH6.1_390-43	A0A1Z8LDH6.1_390-43	A0A1Z8LDH6.1_390-43		A0A1Z8LDH6.1_390-43		
IATTLGVTL	K	A	9	14	22		1, 2	1.0000	0.00000000000000	2	0.000000			false	false	H6BQE2.1_289-332	H6BQE2.1_289-332	H6BQE2.1_289-332		H6BQE2.1_289-332		
IDNGKRVRVL	L	G	10	15	24		3, 4	0.9867	0.00265957446809	2	0.000000			false	false	HEEH_TK_rd5_2591.pdb_G	HEEH_TK_rd5_2591.pdb_G	HEEH_TK_rd5_2591.pdb_G		HEEH_TK_rd5_2591.pdb_G		
IEFHGNHIK	K	V	9	35	43		3	0.9802	0.00265957446809	1	0.000000			false	false	EEHEE_rd4_0298	EEHEE_rd4_0298	EEHEE_rd4_0298		EEHEE_rd4_0298		
IELANY	L	Q	6	43	48		1	0.9802	0.00265957446809	1	0.000000			false	false	PDB6BV7	PDB6BV7	PDB6BV7		PDB6BV7		
IERIVEK	K	L	7	6	12		2, 3	0.9802	0.00265957446809	2	0.000000			false	false	HHH_rd4_0032.pdb_GS	HHH_rd4_0032.pdb_GS	HHH_rd4_0032.pdb_GS		HHH_rd4_0032.pdb_GS		
IFNANQDR	L	I	8	28	35		2	0.9998	0.00000000000000	2	0.000000			false	false	Q1Q042.1_149-197	Q1Q042.1_149-197	Q1Q042.1_149-197		Q1Q042.1_149-197		
IFNANQDRIY	L	D	10	28	37		2	1.0000	0.00000000000000	1	0.000000			false	false	Q1Q042.1_149-197	Q1Q042.1_149-197	Q1Q042.1_149-197		Q1Q042.1_149-197		
IIDMNPKPGY	Y	S	10	36	45		2	1.0000	0.00000000000000	1	0.000000			false	false	A0A1T4WIL2.1_605-660	A0A1T4WIL2.1_605-660	A0A1T4WIL2.1_605-660		A0A1T4WIL2.1_605-660		
IIDMNPKPGYSVK	Y	E	13	36	48		2, 3	1.0000	0.00000000000000	3	0.000000			false	false	A0A1T4WIL2.1_605-660	A0A1T4WIL2.1_605-660	A0A1T4WIL2.1_605-660		A0A1T4WIL2.1_605-660		
IKGQQLVIP	L	-	9	41	49		1, 2	0.9998	0.00000000000000	2	0.000000			false	false	A0A1F7L0H3.1_68-114	A0A1F7L0H3.1_68-114	A0A1F7L0H3.1_68-114		A0A1F7L0H3.1_68-114		
ILIIP	R	-	5	42	46		1	0.9833	0.00265957446809	1	0.000000			false	false	L0K8L2.1_130-173	L0K8L2.1_130-173	L0K8L2.1_130-173		L0K8L2.1_130-173		
ILKEL	K	N	5	19	23		1	0.9885	0.00265957446809	1	0.000000			false	false	A0A1T4WIL2.1_605-660	A0A1T4WIL2.1_605-660	A0A1T4WIL2.1_605-660		A0A1T4WIL2.1_605-660		PDB6BV7
ILKELNL	K	D	7	19	25		2	0.9938	0.00265957446809	1	0.000000			false	false	A0A1T4WIL2.1_605-660	A0A1T4WIL2.1_605-660	A0A1T4WIL2.1_605-660		A0A1T4WIL2.1_605-660		
INGIGQVY	R	E	8	28	35		1	1.0000	0.00000000000000	1	0.000000			false	false	A0A1G7V5E1.1_666-718	A0A1G7V5E1.1_666-718	A0A1G7V5E1.1_666-718		A0A1G7V5E1.1_666-718		
INLYTG	K	-	6	53	58		1	0.9802	0.00265957446809	2	0.000000			false	false	A0A1V4IT84.1_612-667	A0A1V4IT84.1_612-667	A0A1V4IT84.1_612-667		A0A1V4IT84.1_612-667		
INNLPNNDLPLGER	Y	I	14	34	47		2, 3	1.0000	0.00000000000000	3	0.000000			false	false	A0A1V4IJR5.1_168-216	A0A1V4IJR5.1_168-216	A0A1V4IJR5.1_168-216		A0A1V4IJR5.1_168-216		
IRQGKDVHFAGIR	L	V	13	15	27		4	1.0000	0.00000000000000	2	0.000000			false	false	HEEH_TK_rd5_4785.pdb_GS	HEEH_TK_rd5_4785.pdb_GS	HEEH_TK_rd5_4785.pdb_GS		HEEH_TK_rd5_4785.pdb_GS		
ISYIPKDLPYNEIL	K	A	14	29	42		2, 3	1.0000	0.00000000000000	3	0.000000			false	false	A0A017H478.1_115-176	A0A017H478.1_115-176	A0A017H478.1_115-176		A0A017H478.1_115-176		
ITANNL	L	R	6	26	31		1	0.9986	0.00000000000000	2	0.000000			false	false	A0A080JVR7.1_582-623	A0A080JVR7.1_582-623	A0A080JVR7.1_582-623		A0A080JVR7.1_582-623		
ITDMNPKPGYTVK	Y	E	13	36	48		2, 3	1.0000	0.00000000000000	7	0.000000			false	false	A0A1V4IT84.1_612-667	A0A1V4IT84.1_612-667	A0A1V4IT84.1_612-667		A0A1V4IT84.1_612-667		
ITQWEDP	R	-	7	26	32		1, 2	0.9999	0.00000000000000	2	0.000000			false	false	T1EEB7.1_148-177	T1EEB7.1_148-177	T1EEB7.1_148-177		T1EEB7.1_148-177		
IVEEGEDL	Y	W	8	4	11		1, 2	1.0000	0.00000000000000	5	0.000000			false	false	A0A1F7L0H3.1_68-114	A0A1F7L0H3.1_68-114	A0A1F7L0H3.1_68-114		A0A1F7L0H3.1_68-114		
IVEEL	R	R	5	17	21		1	0.9802	0.00263157894737	2	0.000000			false	false	EHEE_rd2_0061	EHEE_rd2_0061	EHEE_rd2_0061		EHEE_rd2_0061		
IVEELRR	R	R	7	17	23		3	0.9802	0.00265957446809	1	0.000000			false	false	EHEE_rd2_0061	EHEE_rd2_0061	EHEE_rd2_0061		EHEE_rd2_0061		
IVERLLR	K	N	7	9	15		3	0.9901	0.00265957446809	1	0.000000			false	false	HHH_rd4_0048.pdb_S	HHH_rd4_0048.pdb_S	HHH_rd4_0048.pdb_S		HHH_rd4_0048.pdb_S		
IVLYTG	K	-	6	53	58		1	1.0000	0.00000000000000	2	0.000000			false	false	A0A1T4WIL2.1_605-660	A0A1T4WIL2.1_605-660	A0A1T4WIL2.1_605-660		A0A1T4WIL2.1_605-660		
IVQRLKR	K	S	7	38	44		3	0.9802	0.00265957446809	1	0.000000			false	false	HHH_rd4_0564.pdb_GS	HHH_rd4_0564.pdb_GS	HHH_rd4_0564.pdb_GS		HHH_rd4_0564.pdb_GS		
IYDRNNL	R	R	7	36	42		2	0.9914	0.00265957446809	1	0.000000			false	false	Q1Q042.1_149-197	Q1Q042.1_149-197	Q1Q042.1_149-197		Q1Q042.1_149-197		
IYTGQNL	K	L	7	45	51		1	1.0000	0.00000000000000	1	0.000000			false	false	R5LLS0.1_54-104	R5LLS0.1_54-104	R5LLS0.1_54-104		R5LLS0.1_54-104		
KAANPNVNWDTL	L	L	12	26	37		2	1.0000	0.00000000000000	2	0.000000			false	false	H6BQE2.1_289-332	H6BQE2.1_289-332	H6BQE2.1_289-332		H6BQE2.1_289-332		
KAANPNVNWDTLL	L	V	13	26	38		2, 3	1.0000	0.00000000000000	3	0.000000			false	false	H6BQE2.1_289-332	H6BQE2.1_289-332	H6BQE2.1_289-332		H6BQE2.1_289-332		
KAANTQLADPEKIMPGMK	L	I	18	26	43		3, 4	1.0000	0.00000000000000	2	0.000000			false	false	A0A1G8NY33.1_4-48	A0A1G8NY33.1_4-48	A0A1G8NY33.1_4-48		A0A1G8NY33.1_4-48		
KDGTLHVTS	L	-	9	38	46		2, 3	0.9999	0.00000000000000	3	0.000000			false	false	EEHEE_rd4_0581.pdb_S	EEHEE_rd4_0581.pdb_S	EEHEE_rd4_0581.pdb_S		EEHEE_rd4_0581.pdb_S		
KGDTISGIAK	K	K	10	7	16		2	1.0000	0.00000000000000	3	0.000000			false	false	A0A1G2L332.1_192-235	A0A1G2L332.1_192-235	A0A1G2L332.1_192-235		A0A1G2L332.1_192-235		
KGDTISGIAKK	K	Y	11	7	17		2, 3, 4	1.0000	0.00000000000000	5	0.000000			false	false	A0A1G2L332.1_192-235	A0A1G2L332.1_192-235	A0A1G2L332.1_192-235		A0A1G2L332.1_192-235		
KGDVISAIIR	K	K	10	7	16		2, 3	1.0000	0.00000000000000	3	0.000000			false	false	A0A2N2KEF9.1_47-99	A0A2N2KEF9.1_47-99	A0A2N2KEF9.1_47-99		A0A2N2KEF9.1_47-99		
KGDVISAIIRK	K	M	11	7	17		3	1.0000	0.00000000000000	1	0.000000			false	false	A0A2N2KEF9.1_47-99	A0A2N2KEF9.1_47-99	A0A2N2KEF9.1_47-99		A0A2N2KEF9.1_47-99		
KKIVERL	L	L	7	7	13		3	0.9802	0.00265957446809	1	0.000000			false	false	HHH_rd4_0048.pdb_S	HHH_rd4_0048.pdb_S	HHH_rd4_0048.pdb_S		HHH_rd4_0048.pdb_S		
KKQGVSDEEL	L	D	10	28	37		2, 3	1.0000	0.00000000000000	4	0.000000			false	false	HHH_rd4_0639	HHH_rd4_0639	HHH_rd4_0639		HHH_rd4_0639		
KKQGVSDEELDK	L	V	12	28	39		3	1.0000	0.00000000000000	1	0.000000			false	false	HHH_rd4_0639	HHH_rd4_0639	HHH_rd4_0639		HHH_rd4_0639		
KNSADIHPGDVLQI	L	-	14	39	52		3	1.0000	0.00000000000000	1	0.000000			false	false	A0A134ABH1.1_55-104	A0A134ABH1.1_55-104	A0A134ABH1.1_55-104		A0A134ABH1.1_55-104		
KQANGLTSDVIVVGQTL	L	S	17	26	42		2, 3	1.0000	0.00000000000000	2	0.000000			false	false	V6Q4L5.1_554-595	V6Q4L5.1_554-595	V6Q4L5.1_554-595		V6Q4L5.1_554-595		
KQKHPEKEIEQL	L	I	12	31	42		3, 4	1.0000	0.00000000000000	2	0.000000			false	false	PDB6BV7	PDB6BV7	PDB6BV7		PDB6BV7		
KSANGLSNGNLR	L	I	12	26	37		3	1.0000	0.00000000000000	1	0.000000			false	false	A0A2G1QR46.1_342-384	A0A2G1QR46.1_342-384	A0A2G1QR46.1_342-384		A0A2G1QR46.1_342-384		
KSDGIKIL	K	K	8	13	20		1, 2, 3	1.0000	0.00000000000000	4	0.000000			false	false	A0A1T4WIL2.1_605-660	A0A1T4WIL2.1_605-660	A0A1T4WIL2.1_605-660		A0A1T4WIL2.1_605-660		
KVDPNTPVTVK	K	-	11	50	60		2, 3	1.0000	0.00000000000000	3	0.000000			false	false	A0A1D8G333.1_585-642	A0A1D8G333.1_585-642	A0A1D8G333.1_585-642		A0A1D8G333.1_585-642		
KYGGNEADIL	K	L	10	17	26		2	1.0000	0.00000000000000	1	0.000000			false	false	A0A1G2L332.1_192-235	A0A1G2L332.1_192-235	A0A1G2L332.1_192-235		A0A1G2L332.1_192-235		
LAANPNAKNGIQPGDVL	L	V	17	26	42		2, 3	1.0000	0.00000000000000	3	0.000000			false	false	A0A256A3S9.1_103-144	A0A256A3S9.1_103-144	A0A256A3S9.1_103-144		A0A256A3S9.1_103-144		
LAANPNAKNGIQPGDVLVL	L	-	19	26	44		2, 3	1.0000	0.00000000000000	5	0.000000			false	false	A0A256A3S9.1_103-144	A0A256A3S9.1_103-144	A0A256A3S9.1_103-144		A0A256A3S9.1_103-144		
LAGNPEHLEPGWVLQIP	R	-	17	36	52		2, 3	0.9802	0.00265957446809	2	0.000000			false	false	A0A1G6HS57.1_166-215	A0A1G6HS57.1_166-215	A0A1G6HS57.1_166-215		A0A1G6HS57.1_166-215		
LAKNGATRDQIEEVL	K	R	15	13	27		2, 3	1.0000	0.00000000000000	3	0.000000			false	false	HHH_rd2_0194	HHH_rd2_0194	HHH_rd2_0194		HHH_rd2_0194		
LEEATGRSQWEAP	Y	-	13	21	33		2	1.0000	0.00000000000000	1	0.000000			false	false	Q7S233.1_116-14	Q7S233.1_116-14	Q7S233.1_116-14		Q7S233.1_116-14		
LEEWLK	L	E	6	38	43		2	0.9923	0.00265957446809	1	0.000000			false	false	HEEH_TK_rd5_2591.pdb_G	HEEH_TK_rd5_2591.pdb_G	HEEH_TK_rd5_2591.pdb_G		HEEH_TK_rd5_2591.pdb_G		
LELIRK	L	A	6	7	12		2	0.9802	0.00265957446809	1	0.000000			false	false	HEEH_rd3_0083.pdb_G	HEEH_rd3_0083.pdb_G	HEEH_rd3_0083.pdb_G		HEEH_rd3_0083.pdb_G		
LELNNVDQNSVL	L	R	12	26	37		2	1.0000	0.00000000000000	1	0.000000			false	false	A0A098R160.1_78-120	A0A098R160.1_78-120	A0A098R160.1_78-120		A0A098R160.1_78-120		
LEWLRR	L	F	6	38	43		2	0.9912	0.00265957446809	1	0.000000			false	false	HEEH_TK_rd5_0453.pdb_GG	HEEH_TK_rd5_0453.pdb_GG	HEEH_TK_rd5_0453.pdb_GG		HEEH_TK_rd5_0453.pdb_GG		
LFTGHPETL	R	E	9	33	41		1, 2	1.0000	0.00000000000000	4	0.000000			false	false	sp|P68082|MYG_HORSE	P68082	MYG_HORSE	MB	Myoglobin		
LGASDDEIK	R	Q	9	30	38		2	0.9998	0.00000000000000	1	0.000000			false	false	HHH_rd2_0194	HHH_rd2_0194	HHH_rd2_0194		HHH_rd2_0194		
LGASDDEIKQIL	R	K	12	30	41		2, 3	1.0000	0.00000000000000	2	0.000000			false	false	HHH_rd2_0194	HHH_rd2_0194	HHH_rd2_0194		HHH_rd2_0194		
LGATPEEIERARK	K	E	13	30	42		3, 4	0.9999	0.00000000000000	2	0.000000			false	false	HHH_rd1_0236	HHH_rd1_0236	HHH_rd1_0236		HHH_rd1_0236		
LGGTFTL	K	K	7	31	37		1	0.9986	0.00000000000000	2	0.000000			false	false	EEHEE_rd4_0581.pdb_S	EEHEE_rd4_0581.pdb_S	EEHEE_rd4_0581.pdb_S		EEHEE_rd4_0581.pdb_S		
LGGTFTLK	K	D	8	31	38		1, 2	1.0000	0.00000000000000	3	0.000000			false	false	EEHEE_rd4_0581.pdb_S	EEHEE_rd4_0581.pdb_S	EEHEE_rd4_0581.pdb_S		EEHEE_rd4_0581.pdb_S		
LGLSDDEVDK	K	V	10	30	39		2	1.0000	0.00000000000000	1	0.000000			false	false	HHH_rd4_0150	HHH_rd4_0150	HHH_rd4_0150		HHH_rd4_0150		
LKDGYSPEQVVK	L	I	12	14	25		2, 3	1.0000	0.00000000000000	3	0.000000			false	false	HHH_rd4_0041.pdb_G	HHH_rd4_0041.pdb_G	HHH_rd4_0041.pdb_G		HHH_rd4_0041.pdb_G		
LKELWR	R	N	6	11	16		3	0.9802	0.00265957446809	1	0.000000			false	false	HEEH_TK_rd5_0710.pdb_G	HEEH_TK_rd5_0710.pdb_G	HEEH_TK_rd5_0710.pdb_G		HEEH_TK_rd5_0710.pdb_G		
LKHIEEL	L	I	7	8	14		1, 2	1.0000	0.00000000000000	3	0.000000			false	false	HEEH_TK_rd5_4785.pdb_GS	HEEH_TK_rd5_4785.pdb_GS	HEEH_TK_rd5_4785.pdb_GS		HEEH_TK_rd5_4785.pdb_GS		
LKKQGFTEDEIEK	Y	A	13	27	39		3, 4	1.0000	0.00000000000000	2	0.000000			false	false	HHH_rd2_0009.pdb_GS	HHH_rd2_0009.pdb_GS	HHH_rd2_0009.pdb_GS		HHH_rd2_0009.pdb_GS		
LKQAGFSPEEIER	L	V	13	27	39		3	1.0000	0.00000000000000	1	0.000000			false	false	HHH_rd1_0016.pdb_S	HHH_rd1_0016.pdb_S	HHH_rd1_0016.pdb_S		HHH_rd1_0016.pdb_S		
LKSEL	K	V	5	17	21		1	0.9802	0.00265957446809	1	0.000000			false	false	PDB1H9E	PDB1H9E	PDB1H9E		PDB1H9E		
LLEL	K	I	4	6	9		1	0.9802	0.00265957446809	1	0.000000			false	false	HEEH_rd3_0083.pdb_G	HEEH_rd3_0083.pdb_G	HEEH_rd3_0083.pdb_G		HEEH_rd3_0083.pdb_G		
LLELIR	K	K	6	6	11		2	0.9802	0.00265957446809	1	0.000000			false	false	HEEH_rd3_0083.pdb_G	HEEH_rd3_0083.pdb_G	HEEH_rd3_0083.pdb_G		HEEH_rd3_0083.pdb_G		
LLRNGISPDEVR	R	E	12	13	24		3	1.0000	0.00000000000000	1	0.000000			false	false	HHH_rd4_0048.pdb_S	HHH_rd4_0048.pdb_S	HHH_rd4_0048.pdb_S		HHH_rd4_0048.pdb_S		
LNLQVTVHGDK	K	W	11	31	41		3	0.9802	0.00000000000000	2	0.000000			false	false	EEHEE_rd4_0455.pdb_GS	EEHEE_rd4_0455.pdb_GS	EEHEE_rd4_0455.pdb_GS		EEHEE_rd4_0455.pdb_GS		
LNSTNKDWWKVEVN	L	-	14	51	64		3	0.9802	0.00265957446809	1	0.000000			false	false	PDB1TUD	PDB1TUD	PDB1TUD		PDB1TUD		
LQREGY	K	S	6	13	18		1, 2	0.9918	0.00265957446809	2	0.000000			false	false	HHH_rd4_0564.pdb_GS	HHH_rd4_0564.pdb_GS	HHH_rd4_0564.pdb_GS		HHH_rd4_0564.pdb_GS		
LQREGYSL	K	D	8	13	20		2	1.0000	0.00000000000000	2	0.000000			false	false	HHH_rd4_0564.pdb_GS	HHH_rd4_0564.pdb_GS	HHH_rd4_0564.pdb_GS		HHH_rd4_0564.pdb_GS		
LQVGQVIKLP	R	-	10	40	49		2, 3	1.0000	0.00000000000000	6	0.000000			false	false	A0A1Z8LDH6.1_390-43	A0A1Z8LDH6.1_390-43	A0A1Z8LDH6.1_390-43		A0A1Z8LDH6.1_390-43		
LRITQWEDP	R	-	9	24	32		2	1.0000	0.00000000000000	1	0.000000			false	false	T1EEB7.1_148-177	T1EEB7.1_148-177	T1EEB7.1_148-177		T1EEB7.1_148-177		
LRNGISPDEVREIL	L	K	14	14	27		3	1.0000	0.00000000000000	1	0.000000			false	false	HHH_rd4_0048.pdb_S	HHH_rd4_0048.pdb_S	HHH_rd4_0048.pdb_S		HHH_rd4_0048.pdb_S		
LVGQSLNVP	L	-	9	38	46		1, 2	1.0000	0.00000000000000	3	0.000000			false	false	H6BQE2.1_289-332	H6BQE2.1_289-332	H6BQE2.1_289-332		H6BQE2.1_289-332		
LVYINNLPNNDLPLGER	L	I	17	31	47		3	1.0000	0.00000000000000	3	0.000000			false	false	A0A1V4IJR5.1_168-216	A0A1V4IJR5.1_168-216	A0A1V4IJR5.1_168-216		A0A1V4IJR5.1_168-216		
LYNGL	L	V	5	27	31		1, 2	0.9802	0.00263157894737	3	0.000000			false	false	A0A1G2L332.1_192-235	A0A1G2L332.1_192-235	A0A1G2L332.1_192-235		A0A1G2L332.1_192-235		
LYNGLVSGEDL	L	I	11	27	37		1, 2	1.0000	0.00000000000000	3	0.000000			false	false	A0A1G2L332.1_192-235	A0A1G2L332.1_192-235	A0A1G2L332.1_192-235		A0A1G2L332.1_192-235		
NASGDSGFVPNNIL	R	D	14	42	55		2	1.0000	0.00000000000000	2	0.000000			false	false	PDB1I0C	PDB1I0C	PDB1I0C		PDB1I0C		
NASGDSGFVPNNILDIMRTPE	R	-	21	42	62		3	1.0000	0.00000000000000	2	0.000000			false	false	PDB1I0C	PDB1I0C	PDB1I0C		PDB1I0C		
NAVNVKV	L	-	7	56	62		1, 2	1.0000	0.00000000000000	2	0.000000			false	false	A0A0S7C355.1_14-73	A0A0S7C355.1_14-73	A0A0S7C355.1_14-73		A0A0S7C355.1_14-73		
NGATRDQIEEVL	K	R	12	16	27		2	1.0000	0.00000000000000	1	0.000000			false	false	HHH_rd2_0194	HHH_rd2_0194	HHH_rd2_0194		HHH_rd2_0194		
NGIQPGDVL	K	V	9	34	42		1, 2	1.0000	0.00000000000000	4	0.000000			false	false	A0A256A3S9.1_103-144	A0A256A3S9.1_103-144	A0A256A3S9.1_103-144		A0A256A3S9.1_103-144		
NGIQPGDVLVL	K	-	11	34	44		1, 2	1.0000	0.00000000000000	3	0.000000			false	false	A0A256A3S9.1_103-144	A0A256A3S9.1_103-144	A0A256A3S9.1_103-144		A0A256A3S9.1_103-144		
NGISPDEVREIL	R	K	12	16	27		2	1.0000	0.00000000000000	2	0.000000			false	false	HHH_rd4_0048.pdb_S	HHH_rd4_0048.pdb_S	HHH_rd4_0048.pdb_S		HHH_rd4_0048.pdb_S		
NGLDVR	K	Y	6	24	29		1, 2	0.9802	0.00265957446809	4	0.000000			false	false	EHEE_rd2_1162.pdb_G	EHEE_rd2_1162.pdb_G	EHEE_rd2_1162.pdb_G		EHEE_rd2_1162.pdb_G		
NGLSVDSPMY	L	V	10	29	38		1, 2	1.0000	0.00000000000000	5	0.000000			false	false	A0A1F1IFM3.1_225-267	A0A1F1IFM3.1_225-267	A0A1F1IFM3.1_225-267		A0A1F1IFM3.1_225-267		
NGLVSGEDL	Y	I	9	29	37		1, 2	1.0000	0.00000000000000	4	0.000000			false	false	A0A1G2L332.1_192-235	A0A1G2L332.1_192-235	A0A1G2L332.1_192-235		A0A1G2L332.1_192-235		
NGVDPRQIK	K	E	9	16	24		2, 3	0.9888	0.00265957446809	2	0.000000			false	false	HHH_rd4_0150	HHH_rd4_0150	HHH_rd4_0150		HHH_rd4_0150		
NGVSEEKIK	K	R	9	30	38		2, 3	0.9918	0.00265957446809	2	0.000000			false	false	HHH_rd2_0123.pdb_GS	HHH_rd2_0123.pdb_GS	HHH_rd2_0123.pdb_GS		HHH_rd2_0123.pdb_GS		
NHGMDVDVL	L	K	9	17	25		2	0.9802	0.00265957446809	1	0.000000			false	false	A0A1S6INE5.1_174-215	A0A1S6INE5.1_174-215	A0A1S6INE5.1_174-215		A0A1S6INE5.1_174-215		
NIEYEIHGSGEY	L	I	12	24	35		2	1.0000	0.00000000000000	2	0.000000			false	false	A0A1V4IT84.1_612-667	A0A1V4IT84.1_612-667	A0A1V4IT84.1_612-667		A0A1V4IT84.1_612-667		
NLQVTVHGDK	L	W	10	32	41		2, 3	1.0000	0.00000000000000	2	0.000000			false	false	EEHEE_rd4_0455.pdb_GS	EEHEE_rd4_0455.pdb_GS	EEHEE_rd4_0455.pdb_GS		EEHEE_rd4_0455.pdb_GS		
NMGLNEL	Y	L	7	19	25		1, 2	1.0000	0.00000000000000	4	0.000000			false	false	A0A098R160.1_78-120	A0A098R160.1_78-120	A0A098R160.1_78-120		A0A098R160.1_78-120		
NNRPFTY	K	N	7	16	22		1, 2	1.0000	0.00000000000000	4	0.000000			false	false	HEEH_rd3_0083.pdb_G	HEEH_rd3_0083.pdb_G	HEEH_rd3_0083.pdb_G		HEEH_rd3_0083.pdb_G		
NNVDQNSVL	L	R	9	29	37		1, 2	1.0000	0.00000000000000	4	0.000000			false	false	A0A098R160.1_78-120	A0A098R160.1_78-120	A0A098R160.1_78-120		A0A098R160.1_78-120		
NSADIHPGDVL	K	Q	11	40	50		2	1.0000	0.00000000000000	1	0.000000			false	false	A0A134ABH1.1_55-104	A0A134ABH1.1_55-104	A0A134ABH1.1_55-104		A0A134ABH1.1_55-104		
NSADIHPGDVLQI	K	-	13	40	52		2, 3	1.0000	0.00000000000000	4	0.000000			false	false	A0A134ABH1.1_55-104	A0A134ABH1.1_55-104	A0A134ABH1.1_55-104		A0A134ABH1.1_55-104		
NSVTRETSWSFP	Y	-	12	21	32		2	0.9999	0.00000000000000	2	0.000000			false	false	A0A0D2VF83.1_224-253	A0A0D2VF83.1_224-253	A0A0D2VF83.1_224-253		A0A0D2VF83.1_224-253		
NTNFDAL	L	T	7	34	40		1	1.0000	0.00000000000000	2	0.000000			false	false	E8RAZ5.1_120-18	E8RAZ5.1_120-18	E8RAZ5.1_120-18		E8RAZ5.1_120-18		
NTTVEDIL	Y	K	8	19	26		1, 2	0.9841	0.00265957446809	2	0.000000			false	false	A0A142L281.1_24-65	A0A142L281.1_24-65	A0A142L281.1_24-65		A0A142L281.1_24-65		
NYGSGY	K	N	6	18	23		1	0.9937	0.00265957446809	2	0.000000			false	false	A0A1F7L0H3.1_68-114	A0A1F7L0H3.1_68-114	A0A1F7L0H3.1_68-114		A0A1F7L0H3.1_68-114		
QANGLTSDVIVVGQTL	K	S	16	27	42		2, 3	1.0000	0.00000000000000	4	0.000000			false	false	V6Q4L5.1_554-595	V6Q4L5.1_554-595	V6Q4L5.1_554-595		V6Q4L5.1_554-595		
QGKDVHFAGIR	R	V	11	17	27		3	0.9802	0.00265957446809	1	0.000000			false	false	HEEH_TK_rd5_4785.pdb_GS	HEEH_TK_rd5_4785.pdb_GS	HEEH_TK_rd5_4785.pdb_GS		HEEH_TK_rd5_4785.pdb_GS		
QGVSDEEL	K	D	8	30	37		1, 2	1.0000	0.00000000000000	5	0.000000			false	false	HHH_rd4_0639	HHH_rd4_0639	HHH_rd4_0639		HHH_rd4_0639		
QGVSDEELDK	K	V	10	30	39		2	1.0000	0.00000000000000	1	0.000000			false	false	HHH_rd4_0639	HHH_rd4_0639	HHH_rd4_0639		HHH_rd4_0639		
QGVSDEEVDRVIR	K	K	13	30	42		3	0.9802	0.00265957446809	1	0.000000			false	false	HHH_rd4_0032.pdb_GS	HHH_rd4_0032.pdb_GS	HHH_rd4_0032.pdb_GS		HHH_rd4_0032.pdb_GS		
QKQGVSDEEVDRVIR	L	K	15	28	42		3, 4	1.0000	0.00000000000000	3	0.000000			false	false	HHH_rd4_0032.pdb_GS	HHH_rd4_0032.pdb_GS	HHH_rd4_0032.pdb_GS		HHH_rd4_0032.pdb_GS		
QLKNDGY	R	S	7	12	18		2	0.9957	0.00265957446809	1	0.000000			false	false	HHH_rd2_0009.pdb_GS	HHH_rd2_0009.pdb_GS	HHH_rd2_0009.pdb_GS		HHH_rd2_0009.pdb_GS		
QLNPEIEDL	R	N	9	35	43		2	0.9998	0.00000000000000	2	0.000000			false	false	A0A2N2KEF9.1_47-99	A0A2N2KEF9.1_47-99	A0A2N2KEF9.1_47-99		A0A2N2KEF9.1_47-99		
QLSPDQAEK	K	I	9	17	25		2	1.0000	0.00000000000000	3	0.000000			false	false	HHH_rd3_0218	HHH_rd3_0218	HHH_rd3_0218		HHH_rd3_0218		
QRANPGAL	L	V	8	26	33		2	1.0000	0.00000000000000	1	0.000000			false	false	A0A160T9Y7.1_199-237	A0A160T9Y7.1_199-237	A0A160T9Y7.1_199-237		A0A160T9Y7.1_199-237		
QRANPGALVVGRAIWV	L	-	16	26	41		3	1.0000	0.00000000000000	5	0.000000			false	false	A0A160T9Y7.1_199-237	A0A160T9Y7.1_199-237	A0A160T9Y7.1_199-237		A0A160T9Y7.1_199-237		
QTQWERP	K	-	7	27	33		1, 2	0.9965	0.00000000000000	3	0.000000			false	false	A0A1Z5KNI4.1_260-290	A0A1Z5KNI4.1_260-290	A0A1Z5KNI4.1_260-290		A0A1Z5KNI4.1_260-290		
QVGQVIKLP	L	-	9	41	49		2	1.0000	0.00000000000000	1	0.000000			false	false	A0A1Z8LDH6.1_390-43	A0A1Z8LDH6.1_390-43	A0A1Z8LDH6.1_390-43		A0A1Z8LDH6.1_390-43		
QWERP	R	-	5	29	33		2	0.9802	0.00265957446809	1	0.000000			false	false	A0A250WVP4.1_360-390	A0A250WVP4.1_360-390	A0A250WVP4.1_360-390		A0A250WVP4.1_360-390		
RDLNGL	L	S	6	26	31		2	0.9802	0.00265957446809	1	0.000000			false	false	A0A1F1IFM3.1_225-267	A0A1F1IFM3.1_225-267	A0A1F1IFM3.1_225-267		A0A1F1IFM3.1_225-267		
REEIKKL	L	I	7	8	14		3	0.9802	0.00265957446809	1	0.000000			false	false	HEEH_TK_rd5_2591.pdb_G	HEEH_TK_rd5_2591.pdb_G	HEEH_TK_rd5_2591.pdb_G		HEEH_TK_rd5_2591.pdb_G		
RGQNIQIGQVL	L	K	11	32	42		2, 3	1.0000	0.00000000000000	5	0.000000			false	false	A0A080JVR7.1_582-623	A0A080JVR7.1_582-623	A0A080JVR7.1_582-623		A0A080JVR7.1_582-623		
RMIVDSIVEENQLK	L	N	14	26	39		3	1.0000	0.00000000000000	2	0.000000			false	false	A0A134ABH1.1_55-104	A0A134ABH1.1_55-104	A0A134ABH1.1_55-104		A0A134ABH1.1_55-104		
RRLGASDDEIK	L	Q	11	28	38		3	1.0000	0.00000000000000	1	0.000000			false	false	HHH_rd2_0194	HHH_rd2_0194	HHH_rd2_0194		HHH_rd2_0194		
RSNPGIDHDRLHPGQK	K	L	16	27	42		3, 4, 5	1.0000	0.00000000000000	5	0.000000			false	false	A0A1T1HEJ4.1_89-131	A0A1T1HEJ4.1_89-131	A0A1T1HEJ4.1_89-131		A0A1T1HEJ4.1_89-131		
RSVTVDQIL	K	G	9	18	26		1, 2	0.9802	0.00265957446809	2	0.000000			false	false	A8J094.1_34-77	A8J094.1_34-77	A8J094.1_34-77		A8J094.1_34-77		
RVGTELIIP	L	-	9	43	51		2	0.9802	0.00265957446809	1	0.000000			false	false	Q1Q042.1_149-197	Q1Q042.1_149-197	Q1Q042.1_149-197		Q1Q042.1_149-197		
RVGTVLTV	L	-	8	38	45		1, 2	0.9802	0.00000000000000	3	0.000000			false	false	A0A098R160.1_78-120	A0A098R160.1_78-120	A0A098R160.1_78-120		A0A098R160.1_78-120		
SAIQGDGYKTL	Y	E	11	30	40		2	1.0000	0.00000000000000	1	0.000000			false	false	A0A1G1PJ05.1_4-65	A0A1G1PJ05.1_4-65	A0A1G1PJ05.1_4-65		A0A1G1PJ05.1_4-65		
SANGLSNGNLR	K	I	11	27	37		2	1.0000	0.00000000000000	2	0.000000			false	false	A0A2G1QR46.1_342-384	A0A2G1QR46.1_342-384	A0A2G1QR46.1_342-384		A0A2G1QR46.1_342-384		
SANGLSNGNLRIGQK	K	L	15	27	41		2, 3	1.0000	0.00000000000000	3	0.000000			false	false	A0A2G1QR46.1_342-384	A0A2G1QR46.1_342-384	A0A2G1QR46.1_342-384		A0A2G1QR46.1_342-384		
SEEEL	R	E	5	30	34		1	0.9802	0.00265957446809	1	0.000000			false	false	HEEH_TK_rd5_2117.pdb_G	HEEH_TK_rd5_2117.pdb_G	HEEH_TK_rd5_2117.pdb_G		HEEH_TK_rd5_2117.pdb_G		
SEEWIK	Y	Q	6	19	24		1, 2	0.9996	0.00000000000000	3	0.000000			false	false	HHH_rd2_0009.pdb_GS	HHH_rd2_0009.pdb_GS	HHH_rd2_0009.pdb_GS		HHH_rd2_0009.pdb_GS		
SEEWIKQY	Y	L	8	19	26		2	1.0000	0.00000000000000	2	0.000000			false	false	HHH_rd2_0009.pdb_GS	HHH_rd2_0009.pdb_GS	HHH_rd2_0009.pdb_GS		HHH_rd2_0009.pdb_GS		
SLDQIY	Y	E	6	19	24		1	0.9802	0.00263157894737	2	0.000000			false	false	HHH_rd4_0564.pdb_GS	HHH_rd4_0564.pdb_GS	HHH_rd4_0564.pdb_GS		HHH_rd4_0564.pdb_GS		
SNGNLRIGQK	L	L	10	32	41		2	1.0000	0.00000000000000	1	0.000000			false	false	A0A2G1QR46.1_342-384	A0A2G1QR46.1_342-384	A0A2G1QR46.1_342-384		A0A2G1QR46.1_342-384		
SPREVTMKKGDIL	K	T	13	36	48		3, 4	1.0000	0.00000000000000	2	0.000000			false	false	PDB1TUD	PDB1TUD	PDB1TUD		PDB1TUD		
SSIARTYGVPRGTL	L	A	14	12	25		2, 3	1.0000	0.00000000000000	6	0.000000			false	false	D6ZZ45.1_151-194	D6ZZ45.1_151-194	D6ZZ45.1_151-194		D6ZZ45.1_151-194		
STIRIL	Y	L	6	49	54		2	0.9802	0.00265957446809	1	0.000000			false	false	A0A1S2LLC2.1_584-637	A0A1S2LLC2.1_584-637	A0A1S2LLC2.1_584-637		A0A1S2LLC2.1_584-637		
SVDSPMY	L	V	7	32	38		1	1.0000	0.00000000000000	3	0.000000			false	false	A0A1F1IFM3.1_225-267	A0A1F1IFM3.1_225-267	A0A1F1IFM3.1_225-267		A0A1F1IFM3.1_225-267		
SVDSPMYVGDVL	L	V	12	32	43		2	1.0000	0.00000000000000	1	0.000000			false	false	A0A1F1IFM3.1_225-267	A0A1F1IFM3.1_225-267	A0A1F1IFM3.1_225-267		A0A1F1IFM3.1_225-267		
SVMKDDVL	L	E	8	21	28		2	0.9802	0.00265957446809	1	0.000000			false	false	PDB1I0C	PDB1I0C	PDB1I0C		PDB1I0C		
SVMKDDVLEIL	L	D	11	21	31		2	1.0000	0.00000000000000	2	0.000000			false	false	PDB1I0C	PDB1I0C	PDB1I0C		PDB1I0C		
SVTVDQIL	R	G	8	19	26		1	0.9972	0.00000000000000	1	0.000000			false	false	A8J094.1_34-77	A8J094.1_34-77	A8J094.1_34-77		A8J094.1_34-77		
TAESVMKL	Y	L	8	23	30		1, 2	1.0000	0.00000000000000	2	0.000000			false	false	A0A1V4IJR5.1_168-216	A0A1V4IJR5.1_168-216	A0A1V4IJR5.1_168-216		A0A1V4IJR5.1_168-216		
TALGGIL	L	K	7	71	77		1	0.9802	0.00265957446809	1	0.000000			false	false	sp|P68082|MYG_HORSE	P68082	MYG_HORSE	MB	Myoglobin		sp|P02144|MYG_HUMAN
TAQSLVQQQGLIIDK	L	I	15	14	28		2	1.0000	0.00000000000000	1	0.000000			false	false	A0A017H478.1_115-176	A0A017H478.1_115-176	A0A017H478.1_115-176		A0A017H478.1_115-176		
TARNRPPLPAGT	L	-	12	47	58		2, 3	1.0000	0.00000000000000	5	0.000000			false	false	PDB1H9E	PDB1H9E	PDB1H9E		PDB1H9E		
TGQNLLI	Y	-	7	47	53		2	0.9802	0.00265957446809	1	0.000000			false	false	R5LLS0.1_54-104	R5LLS0.1_54-104	R5LLS0.1_54-104		R5LLS0.1_54-104		
TILTQSGFLIR	K	E	11	18	28		2	1.0000	0.00000000000000	1	0.000000			false	false	A0A249L614.1_451-512	A0A249L614.1_451-512	A0A249L614.1_451-512		A0A249L614.1_451-512		
TNESSWERP	K	-	9	25	33		2	1.0000	0.00000000000000	3	0.000000			false	false	A0A176VG57.1_904-934	A0A176VG57.1_904-934	A0A176VG57.1_904-934		A0A176VG57.1_904-934		
TQAETAARKL	K	K	10	12	21		2, 3	1.0000	0.00000000000000	3	0.000000			false	false	EHEE_rd2_0526.pdb_G	EHEE_rd2_0526.pdb_G	EHEE_rd2_0526.pdb_G		EHEE_rd2_0526.pdb_G		
TQSGFLIR	L	E	8	21	28		2	0.9802	0.00265957446809	1	0.000000			false	false	A0A249L614.1_451-512	A0A249L614.1_451-512	A0A249L614.1_451-512		A0A249L614.1_451-512		
TSDVIVVGQTL	L	S	11	32	42		1, 2	1.0000	0.00000000000000	2	0.000000			false	false	V6Q4L5.1_554-595	V6Q4L5.1_554-595	V6Q4L5.1_554-595		V6Q4L5.1_554-595		
TSDVIVVGQTLSL	L	-	13	32	44		2	1.0000	0.00000000000000	2	0.000000			false	false	V6Q4L5.1_554-595	V6Q4L5.1_554-595	V6Q4L5.1_554-595		V6Q4L5.1_554-595		
TSESRWEPP	K	-	9	25	33		2	1.0000	0.00000000000000	2	0.000000			false	false	A0A0E9NM77.1_7-37	A0A0E9NM77.1_7-37	A0A0E9NM77.1_7-37		A0A0E9NM77.1_7-37		
TSTLKPGKVL	K	V	10	34	43		3	0.9996	0.00000000000000	1	0.000000			false	false	A0A0G1W8J2.1_151-193	A0A0G1W8J2.1_151-193	A0A0G1W8J2.1_151-193		A0A0G1W8J2.1_151-193		
TSTLKPGKVLVI	K	-	12	34	45		2, 3	1.0000	0.00000000000000	2	0.000000			false	false	A0A0G1W8J2.1_151-193	A0A0G1W8J2.1_151-193	A0A0G1W8J2.1_151-193		A0A0G1W8J2.1_151-193		
TTQWKRPSPED	R	-	11	31	41		2, 3	1.0000	0.00000000000000	4	0.000000			false	false	PDB2N8S	PDB2N8S	PDB2N8S		PDB2N8S		
TTVANEVIQGL	L	W	11	4	14		2	0.9999	0.00000000000000	1	0.000000			false	false	PDB4CVD	PDB4CVD	PDB4CVD		PDB4CVD		
TVAAGDTWQSL	Y	A	11	4	14		1, 2	1.0000	0.00000000000000	10	0.000000			false	false	A0A160T9Y7.1_199-237	A0A160T9Y7.1_199-237	A0A160T9Y7.1_199-237		A0A160T9Y7.1_199-237		
TVDVQGL	L	E	7	4	10		1, 2	0.9802	0.00263157894737	3	0.000000			false	false	EEHEE_rd4_0660.pdb_S	EEHEE_rd4_0660.pdb_S	EEHEE_rd4_0660.pdb_S		EEHEE_rd4_0660.pdb_S		
TVEKGDSL	Y	S	8	4	11		1, 2	1.0000	0.00000000000000	2	0.000000			false	false	A0A1V2M9W8.1_38-8	A0A1V2M9W8.1_38-8	A0A1V2M9W8.1_38-8		A0A1V2M9W8.1_38-8		
TVHVAGFEIR	R	N	10	20	29		2, 3	1.0000	0.00000000000000	2	0.000000			false	false	HEEH_TK_rd5_3127.pdb_GS	HEEH_TK_rd5_3127.pdb_GS	HEEH_TK_rd5_3127.pdb_GS		HEEH_TK_rd5_3127.pdb_GS		
TVQKGDTL	Y	S	8	4	11		1, 2	1.0000	0.00000000000000	4	0.000000			false	false	A0A1T1HEJ4.1_89-131	A0A1T1HEJ4.1_89-131	A0A1T1HEJ4.1_89-131		A0A1T1HEJ4.1_89-131		
TVQPGDNL	Y	Y	8	4	11		1, 2	1.0000	0.00000000000000	3	0.000000			false	false	A0A1S6INE5.1_174-215	A0A1S6INE5.1_174-215	A0A1S6INE5.1_174-215		A0A1S6INE5.1_174-215		
TVQPGDNLYR	Y	I	10	4	13		2	1.0000	0.00000000000000	1	0.000000			false	false	A0A1S6INE5.1_174-215	A0A1S6INE5.1_174-215	A0A1S6INE5.1_174-215		A0A1S6INE5.1_174-215		
TVQPGDNLYRIAL	Y	N	13	4	16		2	0.9999	0.00000000000000	1	0.000000			false	false	A0A1S6INE5.1_174-215	A0A1S6INE5.1_174-215	A0A1S6INE5.1_174-215		A0A1S6INE5.1_174-215		
TVQPGDTL	Y	F	8	4	11		1, 2	0.9987	0.00000000000000	2	0.000000			false	false	A0A1L6LTT3.1_6-54	A0A1L6LTT3.1_6-54	A0A1L6LTT3.1_6-54		A0A1L6LTT3.1_6-54		
TVQPGDTLFK	Y	I	10	4	13		2	0.9971	0.00000000000000	1	0.000000			false	false	A0A1L6LTT3.1_6-54	A0A1L6LTT3.1_6-54	A0A1L6LTT3.1_6-54		A0A1L6LTT3.1_6-54		
TVSPGDTL	Y	E	8	4	11		1	0.9988	0.00000000000000	1	0.000000			false	false	A0A1I0MR33.1_53-96	A0A1I0MR33.1_53-96	A0A1I0MR33.1_53-96		A0A1I0MR33.1_53-96		
TVTSGDTL	Y	W	8	4	11		1	1.0000	0.00000000000000	2	0.000000			false	false	R5LLS0.1_54-104	R5LLS0.1_54-104	R5LLS0.1_54-104		R5LLS0.1_54-104		
TVVAGDSL	Y	Y	8	4	11		1	1.0000	0.00000000000000	2	0.000000			false	false	A0A2G1QR46.1_342-384	A0A2G1QR46.1_342-384	A0A2G1QR46.1_342-384		A0A2G1QR46.1_342-384		
TVVAGDSPWRVAQK	Y	F	14	4	17		2, 3	1.0000	0.00000000000000	5	0.000000			false	false	A0A1F1IFM3.1_225-267	A0A1F1IFM3.1_225-267	A0A1F1IFM3.1_225-267		A0A1F1IFM3.1_225-267		
TVVEGDTWYK	Y	V	10	4	13		2	0.9802	0.00265957446809	1	0.000000			false	false	A0A1V4IJR5.1_168-216	A0A1V4IJR5.1_168-216	A0A1V4IJR5.1_168-216		A0A1V4IJR5.1_168-216		
VANENYPQY	K	T	9	14	22		2	0.9980	0.00000000000000	1	0.000000			false	false	A0A1V4IJR5.1_168-216	A0A1V4IJR5.1_168-216	A0A1V4IJR5.1_168-216		A0A1V4IJR5.1_168-216		
VANNVTLPAGEQRK	L	D	14	22	35		2, 3	1.0000	0.00000000000000	4	0.000000			false	false	PDB1H9E	PDB1H9E	PDB1H9E		PDB1H9E		
VARDPEGRIY	K	Y	10	9	18		2, 3	1.0000	0.00000000000000	2	0.000000			false	false	F1QJI9.1_2566-2595	F1QJI9.1_2566-2595	F1QJI9.1_2566-2595		F1QJI9.1_2566-2595		
VDKGVVPL	K	A	8	109	116		2	0.9999	0.00000000000000	1	0.000000			false	false	sp|P00883|ALDOA_RABIT	P00883	ALDOA_RABIT	ALDOA	Fructose-bisphosphate aldolase A		
VEDRNGEFHL	R	E	10	30	39		3	0.9905	0.00265957446809	1	0.000000			false	false	EHEE_rd2_0526.pdb_G	EHEE_rd2_0526.pdb_G	EHEE_rd2_0526.pdb_G		EHEE_rd2_0526.pdb_G		
VEELVK	K	E	6	5	10		2	0.9802	0.00265957446809	1	0.000000			false	false	HHH_rd4_0639	HHH_rd4_0639	HHH_rd4_0639		HHH_rd4_0639		
VEKAVEKL	R	L	8	6	13		3	0.9802	0.00265957446809	1	0.000000			false	false	HHH_rd4_0041.pdb_G	HHH_rd4_0041.pdb_G	HHH_rd4_0041.pdb_G		HHH_rd4_0041.pdb_G		
VEVHNGQFHIE	K	-	11	35	45		2, 3	1.0000	0.00000000000000	3	0.000000			false	false	EEHEE_rd4_0986	EEHEE_rd4_0986	EEHEE_rd4_0986		EEHEE_rd4_0986		
VGLAPVA	K	-	7	379	385		1	0.9987	0.00000000000000	2	0.000000			false	false	sp|P00791|PEPA_PIG	P00791	PEPA_PIG	PGA	Pepsin A		
VGQSLNVP	L	-	8	39	46		1, 2	0.9977	0.00000000000000	2	0.000000			false	false	H6BQE2.1_289-332	H6BQE2.1_289-332	H6BQE2.1_289-332		H6BQE2.1_289-332		
VHKSGNEFKIE	K	-	11	35	45		2, 3, 4	1.0000	0.00000000000000	4	0.000000			false	false	EEHEE_rd3_0523	EEHEE_rd3_0523	EEHEE_rd3_0523		EEHEE_rd3_0523		
VIGQSL	L	V	6	38	43		1	0.9802	0.00265957446809	1	0.000000			false	false	A0A1I3P575.1_4-47	A0A1I3P575.1_4-47	A0A1I3P575.1_4-47		A0A1I3P575.1_4-47		
VIGQSLVIP	L	-	9	38	46		1, 2	0.9955	0.00265957446809	2	0.000000			false	false	A0A1I3P575.1_4-47	A0A1I3P575.1_4-47	A0A1I3P575.1_4-47		A0A1I3P575.1_4-47		
VKFFNQAK	K	G	8	7	14		3	0.9851	0.00265957446809	1	0.000000			false	false	A0A202DGQ6.1_1-62	A0A202DGQ6.1_1-62	A0A202DGQ6.1_1-62		A0A202DGQ6.1_1-62		
VLEIL	K	K	5	23	27		1	0.9981	0.00000000000000	2	0.000000			false	false	HHH_rd4_0639	HHH_rd4_0639	HHH_rd4_0639		HHH_rd4_0639		
VLEILKK	K	Q	7	23	29		3	0.9802	0.00265957446809	1	0.000000			false	false	HHH_rd4_0639	HHH_rd4_0639	HHH_rd4_0639		HHH_rd4_0639		
VLESAAL	K	G	7	18	24		1	0.9968	0.00000000000000	1	0.000000			false	false	PDB6NNB	PDB6NNB	PDB6NNB		PDB6NNB		
VNEIL	K	N	5	39	43		1	0.9802	0.00265957446809	1	0.000000			false	false	PDB4CVD	PDB4CVD	PDB4CVD		PDB4CVD		
VQNPLPGFSAER	L	D	12	40	51		2	1.0000	0.00000000000000	1	0.000000			false	false	C4LI33.1_661-718	C4LI33.1_661-718	C4LI33.1_661-718		C4LI33.1_661-718		
VQQQGL	L	I	6	19	24		1	0.9914	0.00265957446809	1	0.000000			false	false	A0A017H478.1_115-176	A0A017H478.1_115-176	A0A017H478.1_115-176		A0A017H478.1_115-176		
VQQQGLIIDK	L	I	10	19	28		2	1.0000	0.00000000000000	2	0.000000			false	false	A0A017H478.1_115-176	A0A017H478.1_115-176	A0A017H478.1_115-176		A0A017H478.1_115-176		
VRINGIGQVY	K	E	10	26	35		2	0.9928	0.00265957446809	1	0.000000			false	false	A0A1G7V5E1.1_666-718	A0A1G7V5E1.1_666-718	A0A1G7V5E1.1_666-718		A0A1G7V5E1.1_666-718		
VRKILS	K	-	6	40	45		2	0.9802	0.00265957446809	1	0.000000			false	false	HHH_rd4_0639	HHH_rd4_0639	HHH_rd4_0639		HHH_rd4_0639		
VSGEDL	L	I	6	32	37		1	1.0000	0.00000000000000	4	0.000000			false	false	A0A1G2L332.1_192-235	A0A1G2L332.1_192-235	A0A1G2L332.1_192-235		A0A1G2L332.1_192-235		
VTAQNVSPGVRLRPGSEL	Y	Q	18	35	52		3	1.0000	0.00000000000000	1	0.000000			false	false	F5L8Z4.1_645-698	F5L8Z4.1_645-698	F5L8Z4.1_645-698		F5L8Z4.1_645-698		
VTVMNPVAGSPAIPGGTVIVVVGK	R	-	24	39	62		3	1.0000	0.00000000000000	1	0.000000			false	false	A0A1B1BFX4.1_782-841	A0A1B1BFX4.1_782-841	A0A1B1BFX4.1_782-841		A0A1B1BFX4.1_782-841		
VVAGDSL	K	Y	7	5	11		1	0.9917	0.00265957446809	1	0.000000			false	false	A0A080JVR7.1_582-623	A0A080JVR7.1_582-623	A0A080JVR7.1_582-623		A0A080JVR7.1_582-623		
VVEGQTILLP	K	-	10	37	46		2	0.9802	0.00265957446809	1	0.000000			false	false	A8J094.1_34-77	A8J094.1_34-77	A8J094.1_34-77		A8J094.1_34-77		
VVGQALVIP	L	-	9	38	46		1, 2	0.9994	0.00000000000000	5	0.000000			false	false	C8WRB5.1_4-47	C8WRB5.1_4-47	C8WRB5.1_4-47		C8WRB5.1_4-47		
VVGRAIWV	L	-	8	34	41		1, 2	1.0000	0.00000000000000	4	0.000000			false	false	A0A160T9Y7.1_199-237	A0A160T9Y7.1_199-237	A0A160T9Y7.1_199-237		A0A160T9Y7.1_199-237		
VVQEGDTL	Y	L	8	4	11		1, 2	1.0000	0.00000000000000	7	0.000000			false	false	A0A2H5YN41.1_118-169	A0A2H5YN41.1_118-169	A0A2H5YN41.1_118-169		A0A2H5YN41.1_118-169		
VYINNLPNNDLPLGER	L	I	16	32	47		2, 3	1.0000	0.00000000000000	5	0.000000			false	false	A0A1V4IJR5.1_168-216	A0A1V4IJR5.1_168-216	A0A1V4IJR5.1_168-216		A0A1V4IJR5.1_168-216		
WELGK	L	L	5	12	16		1	0.9997	0.00000000000000	1	0.000000			false	false	C8WRB5.1_4-47	C8WRB5.1_4-47	C8WRB5.1_4-47		C8WRB5.1_4-47		
WELGKL	L	Y	6	12	17		1	0.9802	0.00265957446809	1	0.000000			false	false	C8WRB5.1_4-47	C8WRB5.1_4-47	C8WRB5.1_4-47		C8WRB5.1_4-47		
WFSNQK	K	G	6	7	12		2	0.9978	0.00000000000000	1	0.000000			false	false	A0A1G1PJ05.1_4-65	A0A1G1PJ05.1_4-65	A0A1G1PJ05.1_4-65		A0A1G1PJ05.1_4-65		
WGNGQERY	L	D	8	15	22		2	0.9997	0.00000000000000	1	0.000000			false	false	PDB4CVD	PDB4CVD	PDB4CVD		PDB4CVD		
WQIAEK	L	N	6	12	17		1, 2	1.0000	0.00000000000000	2	0.000000			false	false	A0A1F7L0H3.1_68-114	A0A1F7L0H3.1_68-114	A0A1F7L0H3.1_68-114		A0A1F7L0H3.1_68-114		
WRNNRTINL	L	Y	9	15	23		3	0.9802	0.00265957446809	1	0.000000			false	false	HEEH_TK_rd5_0710.pdb_G	HEEH_TK_rd5_0710.pdb_G	HEEH_TK_rd5_0710.pdb_G		HEEH_TK_rd5_0710.pdb_G		
WRVEGS	K	-	6	42	47		2	0.9997	0.00000000000000	1	0.000000			false	false	EEHEE_rd4_0455.pdb_GS	EEHEE_rd4_0455.pdb_GS	EEHEE_rd4_0455.pdb_GS		EEHEE_rd4_0455.pdb_GS		
YAGQIL	L	K	6	47	52		1	0.9802	0.00265957446809	1	0.000000			false	false	A0A2N2KEF9.1_47-99	A0A2N2KEF9.1_47-99	A0A2N2KEF9.1_47-99		A0A2N2KEF9.1_47-99		
YAGQILKLP	L	-	9	47	55		2	1.0000	0.00000000000000	1	0.000000			false	false	A0A2N2KEF9.1_47-99	A0A2N2KEF9.1_47-99	A0A2N2KEF9.1_47-99		A0A2N2KEF9.1_47-99		
YDDVNDY	Y	I	7	24	30		1	1.0000	0.00000000000000	1	0.000000			false	false	R5LLS0.1_54-104	R5LLS0.1_54-104	R5LLS0.1_54-104		R5LLS0.1_54-104		
YDFVAR	K	N	6	10	15		2	0.9802	0.00265957446809	1	0.000000			false	false	PDB1I0C	PDB1I0C	PDB1I0C		PDB1I0C		
YEFSSPEEAEK	K	F	11	12	22		2	1.0000	0.00000000000000	5	0.000000			false	false	EEHEE_rd4_0455.pdb_GS	EEHEE_rd4_0455.pdb_GS	EEHEE_rd4_0455.pdb_GS		EEHEE_rd4_0455.pdb_GS		
YEIAQEY	L	D	7	12	18		1	1.0000	0.00000000000000	1	0.000000			false	false	L0K8L2.1_130-173	L0K8L2.1_130-173	L0K8L2.1_130-173		L0K8L2.1_130-173		
YFNAGTGQR	Y	Q	9	20	28		2	1.0000	0.00000000000000	2	0.000000			false	false	A0A250WVP4.1_360-390	A0A250WVP4.1_360-390	A0A250WVP4.1_360-390		A0A250WVP4.1_360-390		
YFNAGTGQRQWERP	Y	-	14	20	33		3	0.9968	0.00000000000000	1	0.000000			false	false	A0A250WVP4.1_360-390	A0A250WVP4.1_360-390	A0A250WVP4.1_360-390		A0A250WVP4.1_360-390		
YGDGNQWRL	Y	I	9	19	27		2	1.0000	0.00000000000000	1	0.000000			false	false	A0A1L6LTT3.1_6-54	A0A1L6LTT3.1_6-54	A0A1L6LTT3.1_6-54		A0A1L6LTT3.1_6-54		
YGGNEADIL	K	L	9	18	26		1, 2	0.9999	0.00000000000000	5	0.000000			false	false	A0A1G2L332.1_192-235	A0A1G2L332.1_192-235	A0A1G2L332.1_192-235		A0A1G2L332.1_192-235		
YGGNEADILL	K	Y	10	18	27		1, 2	1.0000	0.00000000000000	2	0.000000			false	false	A0A1G2L332.1_192-235	A0A1G2L332.1_192-235	A0A1G2L332.1_192-235		A0A1G2L332.1_192-235		
YGTSETEL	K	L	8	18	25		1, 2	1.0000	0.00000000000000	3	0.000000			false	false	A0A256A3S9.1_103-144	A0A256A3S9.1_103-144	A0A256A3S9.1_103-144		A0A256A3S9.1_103-144		
YGTSETELL	K	A	9	18	26		1, 2	1.0000	0.00000000000000	6	0.000000			false	false	A0A256A3S9.1_103-144	A0A256A3S9.1_103-144	A0A256A3S9.1_103-144		A0A256A3S9.1_103-144		
YKNGASDEQIER	L	A	12	14	25		3	1.0000	0.00000000000000	1	0.000000			false	false	HHH_rd2_0123.pdb_GS	HHH_rd2_0123.pdb_GS	HHH_rd2_0123.pdb_GS		HHH_rd2_0123.pdb_GS		
YKNGASDEQIERAL	L	R	14	14	27		3	0.9835	0.00265957446809	1	0.000000			false	false	HHH_rd2_0123.pdb_GS	HHH_rd2_0123.pdb_GS	HHH_rd2_0123.pdb_GS		HHH_rd2_0123.pdb_GS		
YLQHL	L	T	5	42	46		1, 2	0.9994	0.00000000000000	4	0.000000			false	false	PDB1H9E	PDB1H9E	PDB1H9E		PDB1H9E		
YNGLVSGEDL	L	I	10	28	37		1, 2	1.0000	0.00000000000000	5	0.000000			false	false	A0A1G2L332.1_192-235	A0A1G2L332.1_192-235	A0A1G2L332.1_192-235		A0A1G2L332.1_192-235		
YNMGL	R	N	5	18	22		1	0.9802	0.00265957446809	2	0.000000			false	false	A0A098R160.1_78-120	A0A098R160.1_78-120	A0A098R160.1_78-120		A0A098R160.1_78-120		
YNMGLNEL	R	L	8	18	25		1	0.9995	0.00000000000000	1	0.000000			false	false	A0A098R160.1_78-120	A0A098R160.1_78-120	A0A098R160.1_78-120		A0A098R160.1_78-120		
YNTTVEDIL	R	K	9	18	26		1, 2	1.0000	0.00000000000000	2	0.000000			false	false	A0A142L281.1_24-65	A0A142L281.1_24-65	A0A142L281.1_24-65		A0A142L281.1_24-65		
YNVSVR	L	S	6	18	23		2	0.9802	0.00265957446809	1	0.000000			false	false	A0A0P1IUA1.1_177-22	A0A0P1IUA1.1_177-22	A0A0P1IUA1.1_177-22		A0A0P1IUA1.1_177-22		
YNVSVRSL	L	A	8	18	25		2	1.0000	0.00000000000000	1	0.000000			false	false	A0A0P1IUA1.1_177-22	A0A0P1IUA1.1_177-22	A0A0P1IUA1.1_177-22		A0A0P1IUA1.1_177-22		
YRDGYSPDEAAK	L	I	12	14	25		2, 3	1.0000	0.00000000000000	3	0.000000			false	false	HHH_rd1_0236	HHH_rd1_0236	HHH_rd1_0236		HHH_rd1_0236		
YRIAL	L	N	5	12	16		1, 2	0.9806	0.00265957446809	3	0.000000			false	false	A0A1S6INE5.1_174-215	A0A1S6INE5.1_174-215	A0A1S6INE5.1_174-215		A0A1S6INE5.1_174-215		
YSDKIY	L	T	6	41	46		2	0.9864	0.00265957446809	2	0.000000			false	false	R5LLS0.1_54-104	R5LLS0.1_54-104	R5LLS0.1_54-104		R5LLS0.1_54-104		
YSIARQNGTTVGAL	L	K	14	12	25		2, 3	1.0000	0.00000000000000	2	0.000000			false	false	V6Q4L5.1_554-595	V6Q4L5.1_554-595	V6Q4L5.1_554-595		V6Q4L5.1_554-595		
YSIARQNGTTVGALK	L	Q	15	12	26		2, 3	1.0000	0.00000000000000	2	0.000000			false	false	V6Q4L5.1_554-595	V6Q4L5.1_554-595	V6Q4L5.1_554-595		V6Q4L5.1_554-595		
YSIARR	Y	Y	6	12	17		2	0.9802	0.00265957446809	1	0.000000			false	false	A0A098R160.1_78-120	A0A098R160.1_78-120	A0A098R160.1_78-120		A0A098R160.1_78-120		
YSIARRY	Y	N	7	12	18		2, 3	0.9802	0.00000000000000	3	0.000000			false	false	A0A098R160.1_78-120	A0A098R160.1_78-120	A0A098R160.1_78-120		A0A098R160.1_78-120		
YTIAQR	L	Y	6	12	17		1, 2	1.0000	0.00000000000000	4	0.000000			false	false	A0A080JVR7.1_582-623	A0A080JVR7.1_582-623	A0A080JVR7.1_582-623		A0A080JVR7.1_582-623		
YTIAQRY	L	R	7	12	18		2	0.9802	0.00265957446809	1	0.000000			false	false	A0A080JVR7.1_582-623	A0A080JVR7.1_582-623	A0A080JVR7.1_582-623		A0A080JVR7.1_582-623		
YVNHESRTTQWKRPSPED	Y	-	18	24	41		4	0.9802	0.00265957446809	1	0.000000			false	false	PDB2N8S	PDB2N8S	PDB2N8S		PDB2N8S		
YVQPGDTL	Y	Y	8	4	11		1, 2	1.0000	0.00000000000000	5	0.000000			false	false	L0K8L2.1_130-173	L0K8L2.1_130-173	L0K8L2.1_130-173		L0K8L2.1_130-173		
YYHTETK	Y	Q	7	20	26		1, 2	1.0000	0.00000000000000	3	0.000000			false	false	A0A1Z5KNI4.1_260-290	A0A1Z5KNI4.1_260-290	A0A1Z5KNI4.1_260-290		A0A1Z5KNI4.1_260-290		
YYNMK	Y	T	5	20	24		1, 2	0.9999	0.00000000000000	2	0.000000			false	false	A0A176VG57.1_904-934	A0A176VG57.1_904-934	A0A176VG57.1_904-934		A0A176VG57.1_904-934		
YYYNMK	K	T	6	19	24		1, 2	1.0000	0.00000000000000	2	0.000000			false	false	A0A176VG57.1_904-934	A0A176VG57.1_904-934	A0A176VG57.1_904-934		A0A176VG57.1_904-934		
