name,peptide,start,end,missed_cleavages,fully_enzymatic
A0A017H478.1_115-176,ATDPDLSKPVAKGSK,42,57,1,1
A0A017H478.1_115-176,KISYIPKDLPYNEIL,27,42,3,0
A0A017H478.1_115-176,TAQSLVQQQGLIIDK,13,28,1,1
A0A017H478.1_115-176,ISYIPKDLPYNEIL,28,42,2,1
A0A017H478.1_115-176,ATDPDLSKPVAKG,42,55,1,0
A0A017H478.1_115-176,HMEIPSLVGTNLL,0,13,1,1
A0A017H478.1_115-176,VQQQGLIIDKIS,18,30,1,0
A0A017H478.1_115-176,HMEIPSLVGTNL,0,12,0,1
A0A017H478.1_115-176,ATDPDLSKPVA,42,53,0,0
A0A017H478.1_115-176,LVQQQGLIIDK,17,28,1,0
A0A017H478.1_115-176,VQQQGLIIDKI,18,29,1,0
A0A017H478.1_115-176,VQQQGLIIDK,18,28,0,1
A0A017H478.1_115-176,LVQQQGLIID,17,27,1,0
A0A017H478.1_115-176,VQQQGLIID,18,27,0,0
A0A017H478.1_115-176,ATDPDLSK,42,50,0,0
A0A017H478.1_115-176,VGTNLLTA,7,15,1,0
A0A017H478.1_115-176,HMEIPSL,0,7,0,1
A0A017H478.1_115-176,VGTNLLT,7,14,1,0
A0A017H478.1_115-176,VQQQGL,18,24,0,1
A0A080JVR7.1_582-623,ANNLRGQNIQIGQVL,27,42,1,0
A0A080JVR7.1_582-623,NNLRGQNIQIGQVL,28,42,1,0
A0A080JVR7.1_582-623,NLRGQNIQIGQVL,29,42,1,0
A0A080JVR7.1_582-623,LRGQNIQIGQVL,30,42,1,0
A0A080JVR7.1_582-623,RGQNIQIGQVL,31,42,0,1
A0A080JVR7.1_582-623,HMHKVVAGDSL,0,11,0,1
A0A080JVR7.1_582-623,ANNLRGQNIQ,27,37,1,0
A0A080JVR7.1_582-623,VADLITANNL,21,31,0,0
A0A080JVR7.1_582-623,VADLITAN,21,29,0,0
A0A080JVR7.1_582-623,NVADLITA,20,28,0,0
A0A080JVR7.1_582-623,NLRGQNIQ,29,37,1,0
A0A080JVR7.1_582-623,NIQIGQVL,34,42,0,0
A0A080JVR7.1_582-623,DLITANNL,23,31,0,0
A0A080JVR7.1_582-623,IQIGQVL,35,42,0,0
A0A080JVR7.1_582-623,VADLITA,21,28,0,0
A0A080JVR7.1_582-623,YTIAQRY,11,18,1,1
A0A080JVR7.1_582-623,ITANNL,25,31,0,1
A0A080JVR7.1_582-623,YTIAQR,11,17,0,1
A0A080JVR7.1_582-623,VAGDSL,5,11,0,0
A0A090LHU9.1_50-91,QEDSINKIA,4,13,0,0
A0A090LHU9.1_50-91,VSVSDIK,17,24,0,0
A0A090LHU9.1_50-91,DSINKIA,6,13,0,0
A0A090LHU9.1_50-91,LQYNVS,13,19,1,0
A0A098R160.1_78-120,LELNNVDQNSVL,25,37,1,1
A0A098R160.1_78-120,HMHQVQAGDTY,0,11,0,1
A0A098R160.1_78-120,NNVDQNSVL,28,37,0,1
A0A098R160.1_78-120,RVGTVLTV,37,45,1,1
A0A098R160.1_78-120,YNMGLNEL,17,25,1,1
A0A098R160.1_78-120,NVDQNSVL,29,37,0,0
A0A098R160.1_78-120,LELNNVD,25,32,1,0
A0A098R160.1_78-120,YSIARRY,11,18,2,1
A0A098R160.1_78-120,YYSIARR,10,17,2,0
A0A098R160.1_78-120,NMGLNEL,18,25,0,1
A0A098R160.1_78-120,YSIARR,11,17,1,1
A0A098R160.1_78-120,MGLNEL,19,25,0,0
A0A098R160.1_78-120,DQNSVL,31,37,0,0
A0A098R160.1_78-120,YNMGL,17,22,0,1
A0A098R160.1_78-120,LLEL,24,28,1,0
A0A0D2VF83.1_224-253,NSVTRETSWSFP,20,32,0,1
A0A0D2VF83.1_224-253,HMLPENWKAVA,0,11,0,0
A0A0D2VF83.1_224-253,YYNSVTRETS,18,28,2,0
A0A0D2VF83.1_224-253,VTRETSWSFP,22,32,0,0
A0A0D2VF83.1_224-253,YYNSVTRET,18,27,2,0
A0A0D2VF83.1_224-253,DASGKTYYY,11,20,2,0
A0A0D2VF83.1_224-253,HMLPENWKA,0,9,0,0
A0A0D2VF83.1_224-253,RETSWSFP,24,32,0,0
A0A0D2VF83.1_224-253,HMLPENWK,0,8,0,1
A0A0D2VF83.1_224-253,HMLPEN,0,6,0,0
A0A0D2VF83.1_224-253,YYNSVT,18,24,1,0
A0A0D2VF83.1_224-253,SWSFP,27,32,0,0
A0A0D2VF83.1_224-253,WKAVA,6,11,0,0
A0A0E9NM77.1_7-37,HSKTKGIPYYYNNK,10,24,4,1
A0A0E9NM77.1_7-37,SKTKGIPYYYNNK,11,24,4,0
A0A0E9NM77.1_7-37,HMLPPNWEIRH,0,11,0,0
A0A0E9NM77.1_7-37,HMLPPNWEIR,0,10,0,1
A0A0E9NM77.1_7-37,TSESRWEPP,24,33,0,1
A0A0G1W8J2.1_151-193,HMYEVESGDTISSIAEK,0,17,0,1
A0A0G1W8J2.1_151-193,NLAKTSTLKPGKVLVI,29,45,4,0
A0A0G1W8J2.1_151-193,LAKTSTLKPGKVLVI,30,45,4,0
A0A0G1W8J2.1_151-193,EVESGDTISSIAEK,3,17,0,1
A0A0G1W8J2.1_151-193,NLAKTSTLKPGKVL,29,43,3,0
A0A0G1W8J2.1_151-193,AKTSTLKPGKVLVI,31,45,3,1
A0A0G1W8J2.1_151-193,TSTLKPGKVLVI,33,45,2,1
A0A0G1W8J2.1_151-193,AKTSTLKPGKVL,31,43,2,1
A0A0G1W8J2.1_151-193,ESGDTISSIAEK,5,17,0,0
A0A0G1W8J2.1_151-193,SGDTISSIAEK,6,17,0,0
A0A0G1W8J2.1_151-193,TSTLKPGKVL,33,43,1,1
A0A0G1W8J2.1_151-193,FGLAAETIL,17,26,0,1
A0A0G1W8J2.1_151-193,HMYEVE,0,6,0,0
A0A0G1W8J2.1_151-193,AAETIL,20,26,0,1
A0A0P1IUA1.1_177-22,HMHTVQRGETA,0,11,0,0
A0A0P1IUA1.1_177-22,AEWNGLGKD,25,34,1,0
A0A0P1IUA1.1_177-22,YNVSVRSL,17,25,1,1
A0A0P1IUA1.1_177-22,FTISRL,11,17,0,0
A0A0P1IUA1.1_177-22,YNVSVR,17,23,0,1
A0A0P1IUA1.1_177-22,ILLIP,41,46,1,0
A0A0P1IUA1.1_177-22,AEWNG,25,30,0,0
A0A0S7C355.1_14-73,DEVTFDLK,41,49,0,0
A0A0S7C355.1_14-73,NAVNVKV,55,62,0,1
A0A0S7C355.1_14-73,DEVTFDL,41,48,0,0
A0A0S7C355.1_14-73,FVHVSGL,27,34,0,1
A0A0S7C355.1_14-73,EVTFDLK,42,49,0,0
A0A134ABH1.1_55-104,NQLKNSADIHPGDVLQI,35,52,2,0
A0A134ABH1.1_55-104,QLKNSADIHPGDVLQI,36,52,2,0
A0A134ABH1.1_55-104,RMIVDSIVEENQLK,25,39,1,1
A0A134ABH1.1_55-104,KNSADIHPGDVLQI,38,52,1,1
A0A134ABH1.1_55-104,IVDSIVEENQLKN,27,40,1,0
A0A134ABH1.1_55-104,NSADIHPGDVLQI,39,52,0,1
A0A134ABH1.1_55-104,IVDSIVEENQLK,27,39,0,0
A0A134ABH1.1_55-104,SADIHPGDVLQI,40,52,0,0
A0A134ABH1.1_55-104,IVDSIVEENQL,27,38,0,0
A0A134ABH1.1_55-104,SGDTLWNIASS,6,17,0,0
A0A134ABH1.1_55-104,NSADIHPGDVL,39,50,0,1
A0A134ABH1.1_55-104,SGDTLWNIAS,6,16,0,0
A0A134ABH1.1_55-104,RMIVDSIVEE,25,35,0,0
A0A134ABH1.1_55-104,IHPGDVLQI,43,52,0,0
A0A134ABH1.1_55-104,SGDTLWNIA,6,15,0,0
A0A134ABH1.1_55-104,IVDSIVEE,27,35,0,0
A0A134ABH1.1_55-104,DLRMIVD,23,30,1,0
A0A134ABH1.1_55-104,SSFANEK,15,22,0,0
A0A134ABH1.1_55-104,SIVEE,30,35,0,0
A0A142L281.1_24-65,KANPKLKQLNIGQK,26,40,4,1
A0A142L281.1_24-65,HMHKVDKGEGLIA,0,13,2,0
A0A142L281.1_24-65,HMHKVDKGEGL,0,11,1,1
A0A142L281.1_24-65,ILKANPKLKQL,24,35,4,0
A0A142L281.1_24-65,KANPKLKQL,26,35,3,1
A0A142L281.1_24-65,YNTTVEDIL,17,26,0,1
A0A142L281.1_24-65,NTTVEDIL,18,26,0,1
A0A142L281.1_24-65,YNTTVED,17,24,0,0
A0A147EF69.1_170-213,VANGISPDAAVTPGKELLIP,26,46,2,0
A0A147EF69.1_170-213,VANGISPDAAVTPGKELL,26,44,1,0
A0A147EF69.1_170-213,VANGISPDAAVTPGKEL,26,43,0,0
A0A147EF69.1_170-213,VANGISPDAAVTPGKE,26,42,0,0
A0A147EF69.1_170-213,VANGISPDAAVTPGK,26,41,0,0
A0A147EF69.1_170-213,NGISPDAAVTPGKEL,28,43,0,0
A0A147EF69.1_170-213,VVRPGDTGFAIA,3,15,0,0
A0A147EF69.1_170-213,YKHAVPWSQIA,15,26,1,0
A0A147EF69.1_170-213,AVTPGKELLIP,35,46,2,0
A0A147EF69.1_170-213,VTPGKELLIP,36,46,2,0
A0A147EF69.1_170-213,VANGISPDAA,26,36,0,0
A0A147EF69.1_170-213,VANGISPDA,26,35,0,0
A0A147EF69.1_170-213,VVRPGDTG,3,11,0,0
A0A147EF69.1_170-213,PWSQIA,20,26,0,0
A0A160T9Y7.1_199-237,HMYTVAAGDTWQSLAQRHATTTAILQRANPGALVVGRAIWV,0,41,6,1
A0A160T9Y7.1_199-237,AQRHATTTAILQRANPGAL,14,33,2,1
A0A160T9Y7.1_199-237,QRANPGALVVGRAIWV,25,41,2,1
A0A160T9Y7.1_199-237,HMYTVAAGDTWQSL,0,14,0,1
A0A160T9Y7.1_199-237,QRANPGALVVGRA,25,38,2,0
A0A160T9Y7.1_199-237,TAILQRANPGAL,21,33,1,0
A0A160T9Y7.1_199-237,TVAAGDTWQSL,3,14,0,1
A0A160T9Y7.1_199-237,AQRHATTTAIL,14,25,0,1
A0A160T9Y7.1_199-237,AAGDTWQSL,5,14,0,0
A0A160T9Y7.1_199-237,QRANPGAL,25,33,0,1
A0A160T9Y7.1_199-237,VVGRAIWV,33,41,0,1
A0A160T9Y7.1_199-237,AGDTWQSL,6,14,0,0
A0A160T9Y7.1_199-237,HMYTVA,0,6,0,0
A0A160T9Y7.1_199-237,RAIWV,36,41,0,0
A0A160T9Y7.1_199-237,HMYTV,0,5,0,0
A0A173XEX3.1_462-523,TVASGNVISSSPISGSGVPSGYSIN,34,59,0,0
A0A173XEX3.1_462-523,HMLPNL,0,6,0,1
A0A176VG57.1_904-934,HMLPPDWEETTDVGTGQK,0,18,0,1
A0A176VG57.1_904-934,HMLPPDWEETTD,0,12,0,0
A0A176VG57.1_904-934,HMLPPDWEETT,0,11,0,0
A0A176VG57.1_904-934,KTNESSWERP,23,33,0,0
A0A176VG57.1_904-934,HMLPPDWEE,0,9,0,0
A0A176VG57.1_904-934,TNESSWERP,24,33,0,1
A0A176VG57.1_904-934,DVGTGQKY,11,19,0,0
A0A176VG57.1_904-934,NESSWERP,25,33,0,0
A0A176VG57.1_904-934,VGTGQKY,12,19,0,0
A0A176VG57.1_904-934,YYYNMK,18,24,2,1
A0A176VG57.1_904-934,YYNMK,19,24,1,1
A0A1B1BFX4.1_782-841,EDTVTDPAQVGRVTVMNPVAGSPAIPGGTVIVVVGK,26,62,0,1
A0A1B1BFX4.1_782-841,TVTDPAQVGRVTVMNPVAGSPAIPGGTVIVVVGK,28,62,0,0
A0A1B1BFX4.1_782-841,VTVMNPVAGSPAIPGGTVIVVVGK,38,62,0,1
A0A1B1BFX4.1_782-841,VMNPVAGSPAIPGGTVIVVVGK,40,62,0,0
A0A1B1BFX4.1_782-841,VMNPVAGSPAIPGGTVIV,40,58,0,0
A0A1B1BFX4.1_782-841,GSPAIPGGTVIVVVGK,46,62,0,0
A0A1B1BFX4.1_782-841,DQAKGSLSGFGVQVL,11,26,1,1
A0A1B1BFX4.1_782-841,EDTVTDPAQVGRVT,26,40,0,0
A0A1B1BFX4.1_782-841,AKGSLSGFGVQVL,13,26,1,0
A0A1B1BFX4.1_782-841,TVTDPAQVGRVT,28,40,0,0
A0A1B1BFX4.1_782-841,GSLSGFGVQVL,15,26,0,1
A0A1B1BFX4.1_782-841,HMLPNVVGQTL,0,11,0,1
A0A1B1BFX4.1_782-841,GFGVQVL,19,26,0,0
A0A1D2RG51.1_3-63,FDVVEGDRGPKAEK,46,60,1,0
A0A1D2RG51.1_3-63,DVVEGDRGPKAEK,47,60,1,0
A0A1D2RG51.1_3-63,TKNFGFISGD,11,21,0,0
A0A1D2RG51.1_3-63,SSGVEAGVRL,29,39,0,0
A0A1D2RG51.1_3-63,YFVHSSGVE,25,34,0,0
A0A1D2RG51.1_3-63,ISGDDGTDY,17,26,0,0
A0A1D2RG51.1_3-63,NFGFISGD,13,21,0,0
A0A1D2RG51.1_3-63,FVHSSGVE,26,34,0,0
A0A1D2RG51.1_3-63,NEGDHVTF,39,47,0,0
A0A1D2RG51.1_3-63,FDVVEGD,46,53,0,0
A0A1D2RG51.1_3-63,FFNATK,7,13,0,1
A0A1D2RG51.1_3-63,TKNFGF,11,17,0,0
A0A1D8G333.1_585-642,VFVVDQDPKPGKKVDPNTPVTVK,37,60,1,0
A0A1D8G333.1_585-642,FVVDQDPKPGKKVDPNTPVTVK,38,60,1,0
A0A1D8G333.1_585-642,VVDQDPKPGKKVDPNTPVTVK,39,60,1,0
A0A1D8G333.1_585-642,DQDPKPGKKVDPNTPVTVK,41,60,1,0
A0A1D8G333.1_585-642,QVSIAEGPDNDMV,25,38,0,0
A0A1D8G333.1_585-642,HMVDVPQVTGLML,0,13,0,1
A0A1D8G333.1_585-642,SIAEGPDNDMVF,27,39,0,0
A0A1D8G333.1_585-642,HMVDVPQVTGLM,0,12,0,0
A0A1D8G333.1_585-642,HMVDVPQVTGL,0,11,0,1
A0A1D8G333.1_585-642,QVLAQRGLQVS,17,28,2,0
A0A1D8G333.1_585-642,SIAEGPDNDMV,27,38,0,0
A0A1D8G333.1_585-642,IAEGPDNDMVF,28,39,0,0
A0A1D8G333.1_585-642,KVDPNTPVTVK,49,60,0,1
A0A1D8G333.1_585-642,FVVDQDPKPGK,38,49,0,0
A0A1D8G333.1_585-642,IAEGPDNDMV,28,38,0,0
A0A1D8G333.1_585-642,AQRGLQVSIA,20,30,1,0
A0A1D8G333.1_585-642,HMVDVPQVTG,0,10,0,0
A0A1D8G333.1_585-642,DPNTPVTVK,51,60,0,0
A0A1D8G333.1_585-642,EGPDNDMVF,30,39,0,0
A0A1D8G333.1_585-642,EGPDNDMV,30,38,0,0
A0A1D8G333.1_585-642,LGQAKQVL,12,20,1,0
A0A1D8G333.1_585-642,AQRGLQVS,20,28,1,0
A0A1D8G333.1_585-642,GQAKQVL,13,20,0,1
A0A1F1IFM3.1_225-267,HMYTVVAGDSPWRVAQK,0,17,1,1
A0A1F1IFM3.1_225-267,HMYTVVAGDSPWRVA,0,15,1,0
A0A1F1IFM3.1_225-267,TVVAGDSPWRVAQK,3,17,0,1
A0A1F1IFM3.1_225-267,SVDSPMYVGDVL,31,43,0,1
A0A1F1IFM3.1_225-267,NGLSVDSPMYVG,28,40,1,0
A0A1F1IFM3.1_225-267,TVVAGDSPWRVA,3,15,0,0
A0A1F1IFM3.1_225-267,VAGDSPWRVAQK,5,17,0,0
A0A1F1IFM3.1_225-267,NGLSVDSPMY,28,38,0,1
A0A1F1IFM3.1_225-267,VAGDSPWRVA,5,15,0,0
A0A1F1IFM3.1_225-267,NGLSVDSPM,28,37,0,0
A0A1F1IFM3.1_225-267,SVDSPMYVG,31,40,0,0
A0A1F1IFM3.1_225-267,FGISVKRL,17,25,1,1
A0A1F1IFM3.1_225-267,SVDSPMY,31,38,0,1
A0A1F1IFM3.1_225-267,FGISVK,17,23,0,1
A0A1F1IFM3.1_225-267,RDLNGL,25,31,1,1
A0A1F1IFM3.1_225-267,GISVK,18,23,0,0
A0A1F1IFM3.1_225-267,HMYTV,0,5,0,0
A0A1F7L0H3.1_68-114,NAYDIAQANNLKE,23,36,2,0
A0A1F7L0H3.1_68-114,QANNLKEPYIL,29,40,2,0
A0A1F7L0H3.1_68-114,IKGQQLVIP,40,49,1,1
A0A1F7L0H3.1_68-114,IVEEGEDL,3,11,0,1
A0A1F7L0H3.1_68-114,NLKEPYIL,32,40,2,0
A0A1F7L0H3.1_68-114,LWQIAEK,10,17,0,0
A0A1F7L0H3.1_68-114,LKEPYIL,33,40,2,0
A0A1F7L0H3.1_68-114,GQQLVIP,42,49,0,1
A0A1F7L0H3.1_68-114,IVEEGED,3,10,0,0
A0A1F7L0H3.1_68-114,NYGSGY,17,23,0,1
A0A1F7L0H3.1_68-114,WQIAEK,11,17,0,1
A0A1F7L0H3.1_68-114,YGSGYN,18,24,1,0
A0A1F7L0H3.1_68-114,LWQIA,10,15,0,0
A0A1F7L0H3.1_68-114,YGSGY,18,23,0,0
A0A1G1PJ05.1_4-65,WFSNQKGYGFIT,6,18,1,0
A0A1G1PJ05.1_4-65,YSAIQGDGYKTL,28,40,2,0
A0A1G1PJ05.1_4-65,EEGQAVNFDIE,40,51,0,0
A0A1G1PJ05.1_4-65,SAIQGDGYKTL,29,40,1,1
A0A1G1PJ05.1_4-65,IQGDGYKTL,31,40,1,0
A0A1G1PJ05.1_4-65,PESGNDVF,18,26,0,0
A0A1G1PJ05.1_4-65,WFSNQK,6,12,0,1
A0A1G2L332.1_192-235,HMHEVKKGDTISGIAKK,0,17,2,1
A0A1G2L332.1_192-235,LYNGLVSGEDL,26,37,2,1
A0A1G2L332.1_192-235,DLIAGDIIIIP,35,46,0,0
A0A1G2L332.1_192-235,KGDTISGIAKK,6,17,1,1
A0A1G2L332.1_192-235,LIAGDIIIIP,36,46,0,0
A0A1G2L332.1_192-235,KYGGNEADIL,16,26,1,1
A0A1G2L332.1_192-235,YNGLVSGEDL,27,37,1,1
A0A1G2L332.1_192-235,YGGNEADILL,17,27,1,1
A0A1G2L332.1_192-235,LYNGLVSGED,26,36,2,0
A0A1G2L332.1_192-235,KGDTISGIAK,6,16,0,1
A0A1G2L332.1_192-235,NGLVSGEDL,28,37,0,1
A0A1G2L332.1_192-235,LYNGLVSGE,26,35,2,0
A0A1G2L332.1_192-235,IAGDIIIIP,37,46,0,1
A0A1G2L332.1_192-235,DTISGIAKK,8,17,0,0
A0A1G2L332.1_192-235,YGGNEADIL,17,26,0,1
A0A1G2L332.1_192-235,KGDTISGIA,6,15,0,0
A0A1G2L332.1_192-235,GLVSGEDL,29,37,0,0
A0A1G2L332.1_192-235,NGLVSGED,28,36,0,0
A0A1G2L332.1_192-235,LVSGEDL,30,37,0,0
A0A1G2L332.1_192-235,ILLYNGL,24,31,2,0
A0A1G2L332.1_192-235,GDIIIIP,39,46,0,0
A0A1G2L332.1_192-235,DIIIIP,40,46,0,0
A0A1G2L332.1_192-235,ILLYNG,24,30,2,0
A0A1G2L332.1_192-235,SGIAKK,11,17,0,0
A0A1G2L332.1_192-235,VSGEDL,31,37,0,1
A0A1G2L332.1_192-235,LYNGL,26,31,1,1
A0A1G6HS57.1_166-215,LAGNPEHLEPGWVLQIP,35,52,2,1
A0A1G6HS57.1_166-215,AGNPEHLEPGWVLQIP,36,52,1,1
A0A1G6HS57.1_166-215,AGNPEHLEPGWVL,36,49,0,1
A0A1G6HS57.1_166-215,DLNRERL,29,36,2,1
A0A1G6HS57.1_166-215,HMYTV,0,5,0,0
A0A1G7V5E1.1_666-718,HMTVPDVKGMGARDA,0,15,1,0
A0A1G7V5E1.1_666-718,HMTVPDVKGMGAR,0,13,0,1
A0A1G7V5E1.1_666-718,VRINGIGQVY,25,35,0,1
A0A1G7V5E1.1_666-718,EQSIDPGKSY,35,45,0,1
A0A1G7V5E1.1_666-718,INGIGQVY,27,35,0,1
A0A1G8NY33.1_4-48,KAANTQLADPEKIMPGMK,25,43,2,1
A0A1G8NY33.1_4-48,KAANTQLADPEKIM,25,39,2,0
A0A1G8NY33.1_4-48,HMHIVQKGDTLWNL,0,14,1,1
A0A1G8NY33.1_4-48,AANTQLADPEKIM,26,39,1,0
A0A1G8NY33.1_4-48,HMHIVQKGDTL,0,11,0,1
A0A1G8NY33.1_4-48,IVQKGDTLWNL,3,14,1,0
A0A1G8NY33.1_4-48,NTQLADPEKIM,28,39,1,0
A0A1G8NY33.1_4-48,ADPEKIMPGMK,32,43,0,1
A0A1G9VJ07.1_678-735,NKALTNAGFNLRIVGGGINQSGIIA,14,39,3,0
A0A1G9VJ07.1_678-735,NLRIVGGGINQSGIIA,23,39,1,0
A0A1G9VJ07.1_678-735,HMVPNVVGMSPQQANK,0,16,0,1
A0A1G9VJ07.1_678-735,ASGSMAEHGTVVEVTF,44,60,0,0
A0A1G9VJ07.1_678-735,SGSMAEHGTVVEVTF,45,60,0,0
A0A1G9VJ07.1_678-735,HMVPNVVGMSPQQA,0,14,0,0
A0A1G9VJ07.1_678-735,RIVGGGINQSGIIA,25,39,0,0
A0A1G9VJ07.1_678-735,IVGGGINQSGIIA,26,39,0,0
A0A1G9VJ07.1_678-735,NKALTNAGFNLR,14,26,2,0
A0A1G9VJ07.1_678-735,NKALTNAGFNL,14,25,1,0
A0A1G9VJ07.1_678-735,ISQSMASGSM,39,49,0,0
A0A1G9VJ07.1_678-735,EHGTVVEVTF,50,60,0,0
A0A1G9VJ07.1_678-735,NKALTNAGF,14,23,1,0
A0A1G9VJ07.1_678-735,VVEVTF,54,60,0,0
A0A1H8YV83.1_500-561,EFSDTVPEGEVIRQEPGANTELGQGDDVK,30,59,1,0
A0A1H8YV83.1_500-561,FSDTVPEGEVIRQEPGANTELGQGDDVK,31,59,1,0
A0A1H9XPY5.1_479-54,EAKQALSNVGLTFGGTQQVNNTRVDKGNVIESSPAAGTSVD,13,54,4,0
A0A1H9XPY5.1_479-54,KGNVIESSPAAGTSVDVGSAVTLKVS,38,64,2,0
A0A1H9XPY5.1_479-54,NTRVDKGNVIESSPAAGTSVD,33,54,1,0
A0A1H9XPY5.1_479-54,EAKQALSNVGLTFGGTQQVN,13,33,2,0
A0A1H9XPY5.1_479-54,QALSNVGLTFGGTQQVN,16,33,1,0
A0A1H9XPY5.1_479-54,KGNVIESSPAAGTSVD,38,54,0,0
A0A1H9XPY5.1_479-54,LSNVGLTFGGTQQVN,18,33,1,0
A0A1H9XPY5.1_479-54,NVIESSPAAGTSVD,40,54,0,0
A0A1H9XPY5.1_479-54,SNVGLTFGGTQQVN,19,33,0,0
A0A1H9XPY5.1_479-54,HMEVPNLAGFTVD,0,13,0,0
A0A1H9XPY5.1_479-54,VGLTFGGTQQVN,21,33,0,0
A0A1H9XPY5.1_479-54,HMEVPNLAGF,0,10,0,0
A0A1H9XPY5.1_479-54,VGSAVTLKVS,54,64,1,0
A0A1H9XPY5.1_479-54,HMEVPNLAG,0,9,0,0
A0A1H9XPY5.1_479-54,HMEVPNLA,0,8,0,0
A0A1H9XPY5.1_479-54,HMEVPNL,0,7,0,1
A0A1H9XPY5.1_479-54,LAGFTV,6,12,0,0
A0A1I0MR33.1_53-96,FERSNIYPGETIVI,32,46,0,1
A0A1I0MR33.1_53-96,HMYTVSPGDTLET,0,13,1,0
A0A1I0MR33.1_53-96,IAQNHNVPLMQL,13,25,0,0
A0A1I0MR33.1_53-96,IAQNHNVPLMQ,13,24,0,0
A0A1I0MR33.1_53-96,HMYTVSPGDTL,0,11,0,1
A0A1I0MR33.1_53-96,NIYPGETIVI,36,46,0,0
A0A1I0MR33.1_53-96,IAQNHNVPLM,13,23,0,0
A0A1I0MR33.1_53-96,TVSPGDTLET,3,13,0,0
A0A1I0MR33.1_53-96,IAQNHNVPL,13,22,0,0
A0A1I0MR33.1_53-96,TVSPGDTL,3,11,0,1
A0A1I0MR33.1_53-96,PGETIVI,39,46,0,0
A0A1I0MR33.1_53-96,HMYTV,0,5,0,0
A0A1I3P575.1_4-47,RANQLPNPNVLVIGQSLVIP,26,46,2,0
A0A1I3P575.1_4-47,NQLPNPNVLVIGQSLVIP,28,46,1,0
A0A1I3P575.1_4-47,HMHVVQSGETVWTISRR,0,17,0,1
A0A1I3P575.1_4-47,RANQLPNPNVLVIGQSL,26,43,1,0
A0A1I3P575.1_4-47,RANQLPNPNVLVIGQS,26,42,1,0
A0A1I3P575.1_4-47,HMHVVQSGETVWTISR,0,16,0,1
A0A1I3P575.1_4-47,NQLPNPNVLVIGQSL,28,43,0,0
A0A1I3P575.1_4-47,NQIARANQLPNPNVL,22,37,0,0
A0A1I3P575.1_4-47,VVQSGETVWTISRR,3,17,0,0
A0A1I3P575.1_4-47,NQLPNPNVLVIGQS,28,42,0,0
A0A1I3P575.1_4-47,RANQLPNPNVLVIG,26,40,1,0
A0A1I3P575.1_4-47,IARANQLPNPNVL,24,37,0,0
A0A1I3P575.1_4-47,NQLPNPNVLVIGQ,28,41,0,0
A0A1I3P575.1_4-47,HMHVVQSGETVWT,0,13,0,0
A0A1I3P575.1_4-47,NQLPNPNVLVIG,28,40,0,0
A0A1I3P575.1_4-47,YGVSANQIARA,17,28,1,0
A0A1I3P575.1_4-47,SGETVWTISRR,6,17,0,0
A0A1I3P575.1_4-47,RANQLPNPNVL,26,37,0,0
A0A1I3P575.1_4-47,SGETVWTISR,6,16,0,0
A0A1I3P575.1_4-47,GVSANQIARA,18,28,0,0
A0A1I3P575.1_4-47,HMHVVQSGET,0,10,0,0
A0A1I3P575.1_4-47,NQLPNPNVL,28,37,0,0
A0A1I3P575.1_4-47,YGVSANQIA,17,26,0,0
A0A1I3P575.1_4-47,VIGQSLVIP,37,46,0,1
A0A1I3P575.1_4-47,TVWTISRR,9,17,0,0
A0A1I3P575.1_4-47,VWTISRR,10,17,0,0
A0A1I3P575.1_4-47,YGVSANQ,17,24,0,0
A0A1I3P575.1_4-47,YGVSA,17,22,0,0
A0A1I4UJX3.1_71-114,IVSANPGVDPWFPKAGTEIIIP,24,46,0,0
A0A1I4UJX3.1_71-114,SANPGVDPWFPKAGTEIIIP,26,46,0,0
A0A1I4UJX3.1_71-114,PGVDPWFPKAGTEIIIP,29,46,0,0
A0A1I4UJX3.1_71-114,SANPGVDPWFPKA,26,39,0,0
A0A1I4UJX3.1_71-114,PWFPKAGTEIIIP,33,46,0,0
A0A1I4UJX3.1_71-114,IVSANPGVD,24,33,0,0
A0A1I4UJX3.1_71-114,HMITVRDED,0,9,0,0
A0A1I4UJX3.1_71-114,IARRFNLG,13,21,2,0
A0A1I4UJX3.1_71-114,DEDTLSD,6,13,0,0
A0A1I4UJX3.1_71-114,FNLGYEE,17,24,1,0
A0A1I4UJX3.1_71-114,GTEIIIP,39,46,0,0
A0A1I4UJX3.1_71-114,NLGYEE,18,24,1,0
A0A1I4UJX3.1_71-114,HMITVR,0,6,0,1
A0A1I4UJX3.1_71-114,TEIIIP,40,46,0,0
A0A1L6LTT3.1_6-54,AANTDVIKNPDVIQ,29,43,0,0
A0A1L6LTT3.1_6-54,NTDVIKNPDVIQ,31,43,0,0
A0A1L6LTT3.1_6-54,HMYTVQPGDTL,0,11,0,1
A0A1L6LTT3.1_6-54,TVQPGDTLFK,3,13,0,1
A0A1L6LTT3.1_6-54,YGDGNQWRL,18,27,1,1
A0A1L6LTT3.1_6-54,TVQPGDTL,3,11,0,1
A0A1L6LTT3.1_6-54,VGWEL,43,48,0,0
A0A1L6LTT3.1_6-54,HMYTV,0,5,0,0
A0A1N6IGX9.1_84-126,AEWNGIADPSTIRPGQQINL,25,45,0,1
A0A1N6IGX9.1_84-126,AEWNGIADPSTIRPGQQIN,25,44,0,0
A0A1N6IGX9.1_84-126,EWNGIADPSTIRPGQQINL,26,45,0,0
A0A1N6IGX9.1_84-126,AEWNGIADPSTIRPGQQ,25,42,0,0
A0A1N6IGX9.1_84-126,GIADPSTIRPGQQINL,29,45,0,0
A0A1N6IGX9.1_84-126,IADPSTIRPGQQINL,30,45,0,0
A0A1N6IGX9.1_84-126,DPSTIRPGQQINL,32,45,0,0
A0A1N6IGX9.1_84-126,PSTIRPGQQINL,33,45,0,0
A0A1N6IGX9.1_84-126,YSIALNHGID,11,21,1,0
A0A1N6IGX9.1_84-126,TVRKGDTF,3,11,1,0
A0A1N6IGX9.1_84-126,AEWNGIA,25,32,0,0
A0A1N6IGX9.1_84-126,EWNGIA,26,32,0,0
A0A1N6IGX9.1_84-126,LNHGID,15,21,0,0
A0A1N6IGX9.1_84-126,AEWNG,25,30,0,0
A0A1N6IGX9.1_84-126,HMYTV,0,5,0,0
A0A1S2LLC2.1_584-637,VGRTRQDINEA,8,19,1,0
A0A1S2LLC2.1_584-637,DVSGKGDMVL,25,35,0,1
A0A1S2LLC2.1_584-637,HMIEVPDLVG,0,10,0,0
A0A1S2LLC2.1_584-637,AQSPDPGIK,35,44,0,1
A0A1S2LLC2.1_584-637,HMIEVPDLV,0,9,0,0
A0A1S2LLC2.1_584-637,HMIEVPDL,0,8,0,1
A0A1S2LLC2.1_584-637,STIRIL,48,54,0,1
A0A1S6INE5.1_174-215,VDVLKEINGISSNEIA,21,37,1,0
A0A1S6INE5.1_174-215,VLKEINGISSNEIA,23,37,1,0
A0A1S6INE5.1_174-215,HMYTVQPGDNLYR,0,13,2,1
A0A1S6INE5.1_174-215,TVQPGDNLYRIAL,3,16,2,1
A0A1S6INE5.1_174-215,TVQPGDNLYRIA,3,15,2,0
A0A1S6INE5.1_174-215,KEINGISSNEIA,25,37,0,0
A0A1S6INE5.1_174-215,VLKEINGISSNE,23,35,1,0
A0A1S6INE5.1_174-215,HMYTVQPGDNL,0,11,0,1
A0A1S6INE5.1_174-215,VLKEINGISSN,23,34,1,0
A0A1S6INE5.1_174-215,KEINGISSNE,25,35,0,0
A0A1S6INE5.1_174-215,HMYTVQPGDN,0,10,0,0
A0A1S6INE5.1_174-215,TVQPGDNLYR,3,13,1,1
A0A1S6INE5.1_174-215,IALNHGMDVD,13,23,0,0
A0A1S6INE5.1_174-215,NHGMDVDVL,16,25,0,1
A0A1S6INE5.1_174-215,TVQPGDNL,3,11,0,1
A0A1S6INE5.1_174-215,LNHGMDVD,15,23,0,0
A0A1S6INE5.1_174-215,NHGMDVD,16,23,0,0
A0A1S6INE5.1_174-215,IAVGTVL,35,42,0,0
A0A1S6INE5.1_174-215,IALNHGM,13,20,0,0
A0A1S6INE5.1_174-215,VGTVLKV,37,44,1,0
A0A1S6INE5.1_174-215,LYRIAL,10,16,2,0
A0A1S6INE5.1_174-215,YRIAL,11,16,1,1
A0A1S6INE5.1_174-215,HMYTV,0,5,0,0
A0A1T1HEJ4.1_89-131,LSNLKRSNPGIDHDRLHPGQK,21,42,5,0
A0A1T1HEJ4.1_89-131,KRSNPGIDHDRLHPGQKLII,25,45,5,1
A0A1T1HEJ4.1_89-131,KRSNPGIDHDRLHPGQKL,25,43,4,1
A0A1T1HEJ4.1_89-131,HMYTVQKGDTLSSIADH,0,17,2,0
A0A1T1HEJ4.1_89-131,KRSNPGIDHDRLHPGQK,25,42,3,1
A0A1T1HEJ4.1_89-131,RSNPGIDHDRLHPGQKL,26,43,3,1
A0A1T1HEJ4.1_89-131,RSNPGIDHDRLHPGQK,26,42,2,1
A0A1T1HEJ4.1_89-131,LSNLKRSNPGIDHDR,21,36,3,0
A0A1T1HEJ4.1_89-131,TVQKGDTLSSIADH,3,17,1,0
A0A1T1HEJ4.1_89-131,HMYTVQKGDTLSS,0,13,2,0
A0A1T1HEJ4.1_89-131,TVQKGDTLSSIA,3,15,1,0
A0A1T1HEJ4.1_89-131,HMYTVQKGDTL,0,11,1,1
A0A1T1HEJ4.1_89-131,TVQKGDTLSS,3,13,1,0
A0A1T1HEJ4.1_89-131,FAISLSNLK,17,26,1,0
A0A1T1HEJ4.1_89-131,SSIADHFA,11,19,0,0
A0A1T1HEJ4.1_89-131,TVQKGDTL,3,11,0,1
A0A1T1HEJ4.1_89-131,FAISLSNL,17,25,0,0
A0A1T1HEJ4.1_89-131,FAISLSN,17,24,0,0
A0A1T1HEJ4.1_89-131,ISLSNLK,19,26,1,0
A0A1T1HEJ4.1_89-131,IADHFA,13,19,0,0
A0A1T1HEJ4.1_89-131,FAISLS,17,23,0,0
A0A1T1HEJ4.1_89-131,HMYTV,0,5,0,0
A0A1T4WIL2.1_605-660,DKGDYIIDMNPKPGYSVK,30,48,2,0
A0A1T4WIL2.1_605-660,DKGDYIIDMNPKPGY,30,45,1,0
A0A1T4WIL2.1_605-660,IIDMNPKPGYSVK,35,48,0,1
A0A1T4WIL2.1_605-660,HMIIIPEIRGMK,0,12,0,1
A0A1T4WIL2.1_605-660,GMKKSDGIKIL,9,20,2,1
A0A1T4WIL2.1_605-660,DMNPKPGYSVK,37,48,0,0
A0A1T4WIL2.1_605-660,HMIIIPEIRGM,0,11,0,0
A0A1T4WIL2.1_605-660,EGKKIVLYTG,48,58,3,1
A0A1T4WIL2.1_605-660,MNPKPGYSVK,38,48,0,0
A0A1T4WIL2.1_605-660,IIDMNPKPGY,35,45,0,1
A0A1T4WIL2.1_605-660,HMIIIPEIR,0,9,0,1
A0A1T4WIL2.1_605-660,KSDGIKIL,12,20,1,1
A0A1T4WIL2.1_605-660,DKGDYIID,30,38,1,0
A0A1T4WIL2.1_605-660,PEIRGMK,5,12,0,0
A0A1T4WIL2.1_605-660,NLDYDID,23,30,1,0
A0A1T4WIL2.1_605-660,ILKELNL,18,25,2,1
A0A1T4WIL2.1_605-660,MNPKPGY,38,45,0,0
A0A1T4WIL2.1_605-660,EGKKIVL,48,55,1,1
A0A1T4WIL2.1_605-660,DKGDYII,30,37,1,0
A0A1T4WIL2.1_605-660,IVLYTG,52,58,1,1
A0A1T4WIL2.1_605-660,KELNLD,20,26,2,0
A0A1T4WIL2.1_605-660,DYDID,25,30,0,0
A0A1T4WIL2.1_605-660,PEIR,5,9,0,0
A0A1V2M9W8.1_38-8,KTMLGDGSRYMD,15,27,3,0
A0A1V2M9W8.1_38-8,NKDKITDPNLIE,31,43,2,0
A0A1V2M9W8.1_38-8,HMYTVEKGDSL,0,11,1,1
A0A1V2M9W8.1_38-8,MLGDGSRYMD,17,27,2,0
A0A1V2M9W8.1_38-8,DKITDPNLIE,33,43,1,0
A0A1V2M9W8.1_38-8,LGDGSRYMD,18,27,2,0
A0A1V2M9W8.1_38-8,TVEKGDSL,3,11,0,1
A0A1V2M9W8.1_38-8,ITDPNLIE,35,43,0,0
A0A1V2M9W8.1_38-8,SWIAKTM,11,18,0,0
A0A1V2M9W8.1_38-8,HMYTV,0,5,0,0
A0A1V4IJR5.1_168-216,LVYINNLPNNDLPLGER,30,47,2,1
A0A1V4IJR5.1_168-216,VYINNLPNNDLPLGER,31,47,1,1
A0A1V4IJR5.1_168-216,INNLPNNDLPLGER,33,47,0,1
A0A1V4IJR5.1_168-216,TVVEGDTWYKVA,3,15,1,0
A0A1V4IJR5.1_168-216,NLPNNDLPLGER,35,47,0,0
A0A1V4IJR5.1_168-216,VYINNLPNNDL,31,42,0,0
A0A1V4IJR5.1_168-216,TVVEGDTWYK,3,13,0,1
A0A1V4IJR5.1_168-216,VANENYPQY,13,22,0,1
A0A1V4IJR5.1_168-216,TAESVMKL,22,30,0,1
A0A1V4IJR5.1_168-216,TVVEGDT,3,10,0,0
A0A1V4IJR5.1_168-216,NENYPQY,15,22,0,0
A0A1V4IJR5.1_168-216,TVVEGD,3,9,0,0
A0A1V4IJR5.1_168-216,HMYTV,0,5,0,0
A0A1V4IT84.1_612-667,ITDMNPKPGYTVKEGTKIN,35,54,2,0
A0A1V4IT84.1_612-667,DMNPKPGYTVKEGTKIN,37,54,2,0
A0A1V4IT84.1_612-667,DMNPKPGYTVKEGTK,37,52,1,0
A0A1V4IT84.1_612-667,ITDMNPKPGYTVK,35,48,0,1
A0A1V4IT84.1_612-667,NIEYEIHGSGEY,23,35,0,1
A0A1V4IT84.1_612-667,EYEIHGSGEYI,25,36,1,0
A0A1V4IT84.1_612-667,ALKKLKDLNIE,15,26,5,0
A0A1V4IT84.1_612-667,YEIHGSGEYIT,26,37,1,0
A0A1V4IT84.1_612-667,HMVVLPEIRNT,0,11,0,0
A0A1V4IT84.1_612-667,DMNPKPGYTVK,37,48,0,0
A0A1V4IT84.1_612-667,LKKLKDLNIE,16,26,5,0
A0A1V4IT84.1_612-667,YEIHGSGEY,26,35,0,0
A0A1V4IT84.1_612-667,HMVVLPEIR,0,9,0,1
A0A1V4IT84.1_612-667,MNPKPGY,38,45,0,0
A0A1V4IT84.1_612-667,LKDLNIE,19,26,2,0
A0A1V4IT84.1_612-667,LKKLKDL,16,23,4,0
A0A1V4IT84.1_612-667,KDLNIE,20,26,1,0
A0A1V4IT84.1_612-667,INLYTG,52,58,1,1
A0A1V4IT84.1_612-667,PEIR,5,9,0,0
A0A1V8M0P0.1_101-149,NKEVIKDPDLIYPGQKIR,31,49,3,0
A0A1V8M0P0.1_101-149,NKEVIKDPDLIYPGQK,31,47,2,0
A0A1V8M0P0.1_101-149,EVIKDPDLIYPGQK,33,47,1,1
A0A1V8M0P0.1_101-149,EVIKDPDLIY,33,43,1,0
A0A1V8M0P0.1_101-149,AMEYPRIF,21,29,0,0
A0A1V8M0P0.1_101-149,MEYPRIF,22,29,0,0
A0A1V8M0P0.1_101-149,HMYVIQ,0,6,0,0
A0A1Z5KNI4.1_260-290,HMLPNGWQAVQDPASGKEY,0,19,0,1
A0A1Z5KNI4.1_260-290,HMLPNGWQAVQDPASGKE,0,18,0,0
A0A1Z5KNI4.1_260-290,HMLPNGWQAVQDPASGK,0,17,0,1
A0A1Z5KNI4.1_260-290,HMLPNGWQAVQD,0,12,0,0
A0A1Z5KNI4.1_260-290,VQDPASGKEYY,9,20,1,0
A0A1Z5KNI4.1_260-290,HMLPNGWQAVQ,0,11,0,0
A0A1Z5KNI4.1_260-290,VQDPASGKEY,9,19,0,0
A0A1Z5KNI4.1_260-290,VQDPASGKE,9,18,0,0
A0A1Z5KNI4.1_260-290,HMLPNGWQA,0,9,0,0
A0A1Z5KNI4.1_260-290,EYYYHTETK,17,26,2,1
A0A1Z5KNI4.1_260-290,TKQTQWERP,24,33,0,0
A0A1Z5KNI4.1_260-290,YYYHTETK,18,26,2,0
A0A1Z5KNI4.1_260-290,DPASGKEY,11,19,0,0
A0A1Z5KNI4.1_260-290,QTQWERP,26,33,0,1
A0A1Z5KNI4.1_260-290,YYHTETK,19,26,1,1
A0A1Z5KNI4.1_260-290,YYYHTE,18,24,2,0
A0A1Z5KNI4.1_260-290,YYHTE,19,24,1,0
A0A1Z5KNI4.1_260-290,QWERP,28,33,0,0
A0A1Z8LDH6.1_390-43,IAMANPTVDPIRLQVGQVIKLP,27,49,2,1
A0A1Z8LDH6.1_390-43,IAMANPTVDPIRLQVG,27,43,1,0
A0A1Z8LDH6.1_390-43,IAMANPTVDPIRLQ,27,41,1,0
A0A1Z8LDH6.1_390-43,IAMANPTVDPIRL,27,40,0,1
A0A1Z8LDH6.1_390-43,ADWFGDPRKQSL,15,27,1,0
A0A1Z8LDH6.1_390-43,MANPTVDPIRLQ,29,41,1,0
A0A1Z8LDH6.1_390-43,IAMANPTVDPIR,27,39,0,1
A0A1Z8LDH6.1_390-43,HMYTIQSGDNF,0,11,0,0
A0A1Z8LDH6.1_390-43,IAADWFGDPRK,13,24,0,0
A0A1Z8LDH6.1_390-43,MANPTVDPIRL,29,40,0,0
A0A1Z8LDH6.1_390-43,MANPTVDPIR,29,39,0,0
A0A1Z8LDH6.1_390-43,HMYTIQSGDN,0,10,0,0
A0A1Z8LDH6.1_390-43,WFGDPRKQSL,17,27,1,0
A0A1Z8LDH6.1_390-43,LQVGQVIKLP,39,49,1,1
A0A1Z8LDH6.1_390-43,HMYTIQSGD,0,9,0,0
A0A1Z8LDH6.1_390-43,SGDNFESIA,6,15,0,0
A0A1Z8LDH6.1_390-43,QVGQVIKLP,40,49,0,1
A0A1Z8LDH6.1_390-43,ADWFGDPRK,15,24,0,0
A0A1Z8LDH6.1_390-43,VGQVIKLP,41,49,0,0
A0A1Z8LDH6.1_390-43,TIQSGDNF,3,11,0,0
A0A1Z8LDH6.1_390-43,DWFGDPRK,16,24,0,0
A0A1Z8LDH6.1_390-43,SGDNFES,6,13,0,0
A0A1Z8LDH6.1_390-43,WFGDPRK,17,24,0,0
A0A1Z8LDH6.1_390-43,QVIKLP,43,49,0,0
A0A1Z8LDH6.1_390-43,LQVGQV,39,45,0,0
A0A1Z8LDH6.1_390-43,HMYTIQ,0,6,0,0
A0A1Z8LDH6.1_390-43,HMYTI,0,5,0,0
A0A202DGQ6.1_1-62,DVSFEVTEGDRGPKATNVSK,44,64,1,0
A0A202DGQ6.1_1-62,VSFEVTEGDRGPKATNVSK,45,64,1,0
A0A202DGQ6.1_1-62,FEVTEGDRGPKATNVSK,47,64,1,0
A0A202DGQ6.1_1-62,DVSFEVTEGDRGPKAT,44,60,1,0
A0A202DGQ6.1_1-62,EGDRGPKATNVSK,51,64,1,0
A0A202DGQ6.1_1-62,FFNQAKGFGFIA,8,20,0,0
A0A202DGQ6.1_1-62,IAAEDGKEY,18,27,0,0
A0A202DGQ6.1_1-62,YFVHQSDL,26,34,0,0
A0A202DGQ6.1_1-62,AKGFGFIA,12,20,0,0
A0A202DGQ6.1_1-62,VKFFNQAK,6,14,0,1
A0A202DGQ6.1_1-62,NEGVHIS,34,41,0,0
A0A202DGQ6.1_1-62,FFNQAKG,8,15,0,0
A0A202DGQ6.1_1-62,DVSFEVT,44,51,0,0
A0A202DGQ6.1_1-62,FVHQSDL,27,34,0,1
A0A202DGQ6.1_1-62,VKFFNQ,6,12,0,0
A0A202DGQ6.1_1-62,FFNQAK,8,14,0,1
A0A249L614.1_451-512,HMVQVPLLVGLNEINAKTILTQSGFLIREISASDTSKPVGEIL,0,43,6,1
A0A249L614.1_451-512,AQAPDAGATKTIGSVVTITVN,43,64,0,1
A0A249L614.1_451-512,AQAPDAGATKTIGSVVT,43,60,0,0
A0A249L614.1_451-512,EISASDTSKPVGEIL,28,43,0,1
A0A249L614.1_451-512,ISASDTSKPVGEIL,29,43,0,0
A0A249L614.1_451-512,AKTILTQSGFLIR,15,28,2,0
A0A249L614.1_451-512,ASDTSKPVGEIL,31,43,0,0
A0A249L614.1_451-512,HMVQVPLLVGL,0,11,1,1
A0A249L614.1_451-512,SDTSKPVGEIL,32,43,0,0
A0A249L614.1_451-512,TILTQSGFLIR,17,28,1,1
A0A249L614.1_451-512,HMVQVPLLVG,0,10,1,0
A0A249L614.1_451-512,HMVQVPLLV,0,9,1,0
A0A249L614.1_451-512,HMVQVPLL,0,8,0,1
A0A249L614.1_451-512,TQSGFLIR,20,28,0,1
A0A249L614.1_451-512,VGLNEIN,8,15,0,0
A0A250WVP4.1_360-390,HMLPAGWAEAKDPATGVTYYFNAGTGQRQWERP,0,33,3,1
A0A250WVP4.1_360-390,HMLPAGWAEAKDPATGVTY,0,19,0,1
A0A250WVP4.1_360-390,PAGWAEAKDPATGVTY,3,19,0,0
A0A250WVP4.1_360-390,YFNAGTGQRQWERP,19,33,1,1
A0A250WVP4.1_360-390,WAEAKDPATGVTY,6,19,0,0
A0A250WVP4.1_360-390,HMLPAGWAEAKD,0,12,0,0
A0A250WVP4.1_360-390,YYFNAGTGQRQ,18,29,2,0
A0A250WVP4.1_360-390,AGTGQRQWERP,22,33,0,0
A0A250WVP4.1_360-390,HMLPAGWAEAK,0,11,0,1
A0A250WVP4.1_360-390,DPATGVTYYF,11,21,1,0
A0A250WVP4.1_360-390,YFNAGTGQRQ,19,29,1,0
A0A250WVP4.1_360-390,AKDPATGVTY,9,19,0,0
A0A250WVP4.1_360-390,GTGQRQWERP,23,33,0,0
A0A250WVP4.1_360-390,YFNAGTGQR,19,28,0,1
A0A250WVP4.1_360-390,HMLPAGWAE,0,9,0,0
A0A250WVP4.1_360-390,PAGWAEAK,3,11,0,0
A0A250WVP4.1_360-390,DPATGVTY,11,19,0,1
A0A250WVP4.1_360-390,PATGVTY,12,19,0,0
A0A250WVP4.1_360-390,HMLPAG,0,6,0,0
A0A250WVP4.1_360-390,PAGWAE,3,9,0,0
A0A250WVP4.1_360-390,QWERP,28,33,0,1
A0A256A3S9.1_103-144,LAANPNAKNGIQPGDVLVL,25,44,2,1
A0A256A3S9.1_103-144,AANPNAKNGIQPGDVLVL,26,44,1,1
A0A256A3S9.1_103-144,LAANPNAKNGIQPGDVL,25,42,1,1
A0A256A3S9.1_103-144,HMHTVSSGETIYSIAKK,0,17,1,1
A0A256A3S9.1_103-144,AANPNAKNGIQPGDVL,26,42,0,1
A0A256A3S9.1_103-144,HMHTVSSGETIYSIA,0,15,0,0
A0A256A3S9.1_103-144,TVSSGETIYSIAKK,3,17,1,0
A0A256A3S9.1_103-144,KNGIQPGDVLVL,32,44,1,0
A0A256A3S9.1_103-144,HMHTVSSGETIY,0,12,0,1
A0A256A3S9.1_103-144,NGIQPGDVLVL,33,44,0,1
A0A256A3S9.1_103-144,HMHTVSSGET,0,10,0,0
A0A256A3S9.1_103-144,NGIQPGDVL,33,42,0,1
A0A256A3S9.1_103-144,YGTSETELL,17,26,1,1
A0A256A3S9.1_103-144,YGTSETEL,17,25,0,1
A0A256A3S9.1_103-144,IYSIAKK,10,17,1,0
A0A2A9E9G9.1_632-690,FQSVDPGVEVPKGTTVSLTI,41,61,1,1
A0A2A9E9G9.1_632-690,PGVEVPKGTTVSLTI,46,61,1,0
A0A2A9E9G9.1_632-690,HMVAVPDVRGMDTD,0,14,0,0
A0A2A9E9G9.1_632-690,HMVAVPDVRGMDT,0,13,0,0
A0A2A9E9G9.1_632-690,HMVAVPDVRGMD,0,12,0,0
A0A2A9E9G9.1_632-690,HMVAVPDVRGM,0,11,0,0
A0A2A9E9G9.1_632-690,VPKGTTVSLTI,50,61,1,0
A0A2A9E9G9.1_632-690,EKFDLVPEDQF,20,31,1,0
A0A2A9E9G9.1_632-690,FDLVPEDQFA,22,32,0,0
A0A2A9E9G9.1_632-690,AWGGFLGKVR,31,41,1,0
A0A2A9E9G9.1_632-690,EKFDLVPEDQ,20,30,1,0
A0A2A9E9G9.1_632-690,FDLVPEDQ,22,30,0,0
A0A2A9E9G9.1_632-690,TTVSLTI,54,61,0,0
A0A2A9E9G9.1_632-690,DLVPEDQ,23,30,0,0
A0A2A9E9G9.1_632-690,FAWGGFL,30,37,0,0
A0A2A9E9G9.1_632-690,AWGGFL,31,37,0,0
A0A2A9E9G9.1_632-690,FAWGGF,30,36,0,0
A0A2A9E9G9.1_632-690,FQSVD,41,46,0,0
A0A2G1QR46.1_342-384,GVTVAALKSANGLSNGNLRIGQK,18,41,4,0
A0A2G1QR46.1_342-384,VAALKSANGLSNGNLRIGQK,21,41,4,0
A0A2G1QR46.1_342-384,ALKSANGLSNGNLRIGQK,23,41,4,0
A0A2G1QR46.1_342-384,KSANGLSNGNLRIGQKL,25,42,4,1
A0A2G1QR46.1_342-384,VAALKSANGLSNGNLR,21,37,3,0
A0A2G1QR46.1_342-384,KSANGLSNGNLRIGQK,25,41,3,1
A0A2G1QR46.1_342-384,SANGLSNGNLRIGQK,26,41,2,1
A0A2G1QR46.1_342-384,NGLSNGNLRIGQK,28,41,2,0
A0A2G1QR46.1_342-384,KSANGLSNGNLR,25,37,2,1
A0A2G1QR46.1_342-384,YAIARRHGVTVA,11,23,2,0
A0A2G1QR46.1_342-384,HMYTVVAGDSL,0,11,0,1
A0A2G1QR46.1_342-384,SANGLSNGNLR,26,37,1,1
A0A2G1QR46.1_342-384,SNGNLRIGQK,31,41,1,1
A0A2G1QR46.1_342-384,YAIARRHGVT,11,21,2,0
A0A2G1QR46.1_342-384,TVVAGDSL,3,11,0,1
A0A2G1QR46.1_342-384,VAGDSL,5,11,0,0
A0A2G1QR46.1_342-384,HMYTV,0,5,0,0
A0A2H5YN41.1_118-169,DFNSPDIRPGDRIRVP,38,54,1,1
A0A2H5YN41.1_118-169,FNSPDIRPGDRIRVP,39,54,1,0
A0A2H5YN41.1_118-169,IAERHLPPGKGLWDF,13,28,2,0
A0A2H5YN41.1_118-169,DFNSPDIRPGDRIR,38,52,0,1
A0A2H5YN41.1_118-169,NSPDIRPGDRIRVP,40,54,1,0
A0A2H5YN41.1_118-169,IAERHLPPGKGLWD,13,27,2,0
A0A2H5YN41.1_118-169,ERHLPPGKGLWDF,15,28,2,0
A0A2H5YN41.1_118-169,FNSPDIRPGDRIR,39,52,0,0
A0A2H5YN41.1_118-169,IAERHLPPGKGL,13,25,1,0
A0A2H5YN41.1_118-169,DFNSPDIRPGDR,38,50,0,1
A0A2H5YN41.1_118-169,HLPPGKGLWDF,17,28,1,0
A0A2H5YN41.1_118-169,FNSPDIRPGDR,39,50,0,0
A0A2H5YN41.1_118-169,HMYVVQEGDTL,0,11,0,1
A0A2H5YN41.1_118-169,VVQEGDTLLA,3,13,1,0
A0A2H5YN41.1_118-169,ERHLPPGKGL,15,25,1,0
A0A2H5YN41.1_118-169,IAAVNGLDF,31,40,0,0
A0A2H5YN41.1_118-169,DFNSPDIR,38,46,0,0
A0A2H5YN41.1_118-169,IAAVNGLD,31,39,0,0
A0A2H5YN41.1_118-169,VVQEGDTL,3,11,0,1
A0A2H5YN41.1_118-169,PGDRIRVP,46,54,1,0
A0A2H5YN41.1_118-169,IAAVNGL,31,38,0,0
A0A2H5YN41.1_118-169,EGDTLLA,6,13,1,0
A0A2H5YN41.1_118-169,AVNGLD,33,39,0,0
A0A2H5YN41.1_118-169,HMYVVQ,0,6,0,0
A0A2N2KEF9.1_47-99,KGDVISAIIRKMPGITESD,6,25,2,0
A0A2N2KEF9.1_47-99,IIRKMPGITESDIPDNY,13,30,1,0
A0A2N2KEF9.1_47-99,IIRKMPGITESDIPDN,13,29,1,0
A0A2N2KEF9.1_47-99,KGDVISAIIRKMPGIT,6,22,2,0
A0A2N2KEF9.1_47-99,PGITESDIPDNYRIIR,18,34,1,0
A0A2N2KEF9.1_47-99,ESDIPDNYRIIRQL,22,36,2,0
A0A2N2KEF9.1_47-99,ESDIPDNYRIIR,22,34,1,0
A0A2N2KEF9.1_47-99,PGITESDIPDNY,18,30,0,0
A0A2N2KEF9.1_47-99,KGDVISAIIRKM,6,18,2,0
A0A2N2KEF9.1_47-99,KGDVISAIIRK,6,17,1,1
A0A2N2KEF9.1_47-99,RIIRQLNPEIE,30,41,2,0
A0A2N2KEF9.1_47-99,KGDVISAIIR,6,16,0,1
A0A2N2KEF9.1_47-99,DVISAIIRKM,8,18,1,0
A0A2N2KEF9.1_47-99,IPDNYRIIR,25,34,1,0
A0A2N2KEF9.1_47-99,YAGQILKLP,46,55,2,1
A0A2N2KEF9.1_47-99,QLNPEIEDL,34,43,0,1
A0A2N2KEF9.1_47-99,PGITESD,18,25,0,0
A0A2N2KEF9.1_47-99,QLNPEIE,34,41,0,0
A0A2N2KEF9.1_47-99,SAIIRKM,11,18,1,0
A0A2N2KEF9.1_47-99,GQILKLP,48,55,1,0
A0A2N2KEF9.1_47-99,KGDVISA,6,13,0,0
A0A2N2KEF9.1_47-99,NPEIE,36,41,0,0
A0A2N2KEF9.1_47-99,DLNKL,41,46,1,0
A8J094.1_34-77,GINPDVKPGKVVEGQTILLP,26,46,1,1
A8J094.1_34-77,GINPDVKPGKVVEGQTIL,26,44,0,1
A8J094.1_34-77,PDVKPGKVVEGQTILLP,29,46,1,0
A8J094.1_34-77,GINPDVKPGKVVEGQT,26,42,0,0
A8J094.1_34-77,PGKVVEGQTILLP,33,46,1,0
A8J094.1_34-77,IAKKRSVTVDQIL,13,26,2,0
A8J094.1_34-77,KKRSVTVDQIL,15,26,2,0
A8J094.1_34-77,RSVTVDQIL,17,26,0,1
A8J094.1_34-77,SVTVDQIL,18,26,0,1
A8J094.1_34-77,GINPDVK,26,33,0,0
C4LI33.1_661-718,VQNPLPGFSAERD,39,52,0,0
C4LI33.1_661-718,VQNPLPGFSAER,39,51,0,1
C4LI33.1_661-718,AGDAKSNDRVL,28,39,1,0
C4LI33.1_661-718,HMVAVPQLIG,0,10,0,0
C4LI33.1_661-718,DSVITVKTV,51,60,0,1
C4LI33.1_661-718,IGSTVKEA,8,16,0,0
C4LI33.1_661-718,VQNPLPGF,39,47,0,0
C4LI33.1_661-718,SVITVKTV,52,60,0,0
C4LI33.1_661-718,HMVAVPQL,0,8,0,1
C8WRB5.1_4-47,AANGIRNPEQLVVGQALVIP,26,46,2,0
C8WRB5.1_4-47,AANGIRNPEQLVVGQA,26,42,1,0
C8WRB5.1_4-47,HMHVVEPGDTLWEL,0,14,0,1
C8WRB5.1_4-47,DIAAANGIRNPEQL,23,37,0,0
C8WRB5.1_4-47,NGIRNPEQLVVGQA,28,42,1,0
C8WRB5.1_4-47,IAAANGIRNPEQL,24,37,0,0
C8WRB5.1_4-47,IAAANGIRNPEQ,24,36,0,0
C8WRB5.1_4-47,AANGIRNPEQL,26,37,0,0
C8WRB5.1_4-47,HMHVVEPGDTL,0,11,0,1
C8WRB5.1_4-47,AANGIRNPEQ,26,36,0,0
C8WRB5.1_4-47,HMHVVEPGDT,0,10,0,0
C8WRB5.1_4-47,VVGQALVIP,37,46,0,1
C8WRB5.1_4-47,NGIRNPEQL,28,37,0,0
C8WRB5.1_4-47,YHVSAADIA,17,26,0,0
C8WRB5.1_4-47,GIRNPEQL,29,37,0,0
C8WRB5.1_4-47,VVEPGDTL,3,11,0,0
C8WRB5.1_4-47,YHVSAAD,17,24,0,0
C8WRB5.1_4-47,WELGKL,11,17,1,1
C8WRB5.1_4-47,YHVSAA,17,23,0,0
C8WRB5.1_4-47,WELGK,11,16,0,1
D0MCX4.1_51-112,HMVPDVRQL,0,9,0,0
D4B3C0.1_340-37,GFKKGEIITIV,15,26,1,0
D4B3C0.1_340-37,DADQEGDLGFK,7,18,0,0
D4B3C0.1_340-37,GFKKGEIIT,15,24,1,0
D4B3C0.1_340-37,DWWTGRIGN,33,42,0,0
D4B3C0.1_340-37,DADQEGDL,7,15,0,0
D6ZZ45.1_151-194,HMHVVAPGETLSSIARTYGVPRGTLAAANGLDINAQVRTGQKLTVP,0,46,8,1
D6ZZ45.1_151-194,SSIARTYGVPRGTL,11,25,2,1
D6ZZ45.1_151-194,HMHVVAPGETLSS,0,13,0,0
D6ZZ45.1_151-194,AAANGLDINAQVR,25,38,0,1
D6ZZ45.1_151-194,IARTYGVPRGTL,13,25,2,0
D6ZZ45.1_151-194,HMHVVAPGETL,0,11,0,1
D6ZZ45.1_151-194,AAANGLDIN,25,34,0,0
D6ZZ45.1_151-194,YGVPRGTL,17,25,1,0
D6ZZ45.1_151-194,VVAPGETL,3,11,0,0
D6ZZ45.1_151-194,NGLDIN,28,34,0,0
E8RAZ5.1_120-18,HMGKITHLSPMED,0,13,1,0
E8RAZ5.1_120-18,DGDKGPQARNVKV,51,64,2,0
E8RAZ5.1_120-18,NTNFDALTIGTA,33,45,0,0
E8RAZ5.1_120-18,DALTIGTAVQF,37,48,0,0
E8RAZ5.1_120-18,IGTAVQFREE,41,51,0,0
E8RAZ5.1_120-18,TAVQFREE,43,51,0,0
E8RAZ5.1_120-18,LTIGTAVQ,39,47,0,0
E8RAZ5.1_120-18,TSDDRDIY,18,26,0,0
E8RAZ5.1_120-18,NTNFDALT,33,41,0,0
E8RAZ5.1_120-18,FHRNSVL,26,33,0,1
E8RAZ5.1_120-18,SVLNTNF,30,37,0,0
E8RAZ5.1_120-18,NTNFDAL,33,40,0,1
E8RAZ5.1_120-18,IGTAVQ,41,47,0,0
EEHEE_rd3_0523,NETYHFDNPEKAQK,8,22,1,0
EEHEE_rd3_0523,VHKSGNEFKIE,34,45,1,1
EEHEE_rd3_0523,NETYHFDNPEK,8,19,0,0
EEHEE_rd3_0523,HMSTVHVNNE,0,10,0,0
EEHEE_rd3_0523,LAKELGLK,26,34,3,1
EEHEE_rd3_0523,HMSTVHVN,0,8,0,0
EEHEE_rd3_0523,HFDNPEK,12,19,0,1
EEHEE_rd4_0183.pdb_GS,LGMQMHVDGNQIH,30,43,0,0
EEHEE_rd4_0183.pdb_GS,HMTEVHVDGITYK,0,13,0,1
EEHEE_rd4_0183.pdb_GS,MHVDGNQIHVKGS,34,47,0,0
EEHEE_rd4_0183.pdb_GS,VDGNQIHVKGS,36,47,0,0
EEHEE_rd4_0183.pdb_GS,FDEPEQAKK,13,22,0,1
EEHEE_rd4_0183.pdb_GS,MHVDGNQIH,34,43,0,0
EEHEE_rd4_0183.pdb_GS,VHVDGITYK,4,13,0,0
EEHEE_rd4_0183.pdb_GS,HMTEVHVD,0,8,0,0
EEHEE_rd4_0183.pdb_GS,LGMQMHVD,30,38,0,0
EEHEE_rd4_0183.pdb_GS,FALEM,22,27,0,0
EEHEE_rd4_0298,HMVTVTVNGVQYD,0,13,0,0
EEHEE_rd4_0298,DFSNPEEAVR,12,22,0,1
EEHEE_rd4_0298,IEFHGNHIK,34,43,0,1
EEHEE_rd4_0298,FSNPEEAVR,13,22,0,0
EEHEE_rd4_0298,IEFHGN,34,40,0,0
EEHEE_rd4_0298,FSNPEE,13,19,0,0
EEHEE_rd4_0349,NVTYHFDNPREAEE,8,22,1,0
EEHEE_rd4_0349,NVTYHFDNPREA,8,20,1,0
EEHEE_rd4_0349,HMTTVHIGNV,0,10,0,0
EEHEE_rd4_0349,VAKKLGLRVE,26,36,4,0
EEHEE_rd4_0349,HMTTVHIG,0,8,0,0
EEHEE_rd4_0349,NGNFKVE,38,45,0,0
EEHEE_rd4_0349,LGLRVE,30,36,2,0
EEHEE_rd4_0353,NVTYHFDNPEEADK,8,22,0,0
EEHEE_rd4_0353,NVTYHFDNPEEA,8,20,0,0
EEHEE_rd4_0353,TYHFDNPEEADK,10,22,0,0
EEHEE_rd4_0353,HMTTVHVGNVT,0,11,0,0
EEHEE_rd4_0353,HMTTVHVGNV,0,10,0,0
EEHEE_rd4_0353,NLEIRWDGNT,31,41,1,0
EEHEE_rd4_0353,LEIRWDGNT,32,41,1,0
EEHEE_rd4_0353,HMTTVHVG,0,8,0,0
EEHEE_rd4_0353,MAKEQNLE,26,34,1,0
EEHEE_rd4_0353,EIRWDGNT,33,41,0,0
EEHEE_rd4_0455.pdb_GS,AKKLNLQVTVHGD,27,40,3,0
EEHEE_rd4_0455.pdb_GS,KYEFSSPEEAEK,10,22,1,0
EEHEE_rd4_0455.pdb_GS,YEFSSPEEAEK,11,22,0,1
EEHEE_rd4_0455.pdb_GS,LNLQVTVHGDK,30,41,1,1
EEHEE_rd4_0455.pdb_GS,VHGDKWRVEGS,36,47,1,0
EEHEE_rd4_0455.pdb_GS,HMATVEVQGMK,0,11,0,1
EEHEE_rd4_0455.pdb_GS,MAKKLNLQVT,26,36,3,0
EEHEE_rd4_0455.pdb_GS,NLQVTVHGDK,31,41,0,1
EEHEE_rd4_0455.pdb_GS,EFSSPEEAEK,12,22,0,1
EEHEE_rd4_0455.pdb_GS,HMATVEVQGM,0,10,0,0
EEHEE_rd4_0455.pdb_GS,LNLQVTVHGD,30,40,1,0
EEHEE_rd4_0455.pdb_GS,FSSPEEAEK,13,22,0,0
EEHEE_rd4_0455.pdb_GS,NLQVTVHGD,31,40,0,0
EEHEE_rd4_0455.pdb_GS,LQVTVHGDK,32,41,0,0
EEHEE_rd4_0455.pdb_GS,AKKLNLQVT,27,36,3,0
EEHEE_rd4_0455.pdb_GS,KYEFSSPEE,10,19,1,0
EEHEE_rd4_0455.pdb_GS,LQVTVHGD,32,40,0,0
EEHEE_rd4_0455.pdb_GS,TVEVQGMK,3,11,0,0
EEHEE_rd4_0455.pdb_GS,YEFSSPEE,11,19,0,0
EEHEE_rd4_0455.pdb_GS,KWRVEGS,40,47,1,0
EEHEE_rd4_0455.pdb_GS,WRVEGS,41,47,0,1
EEHEE_rd4_0455.pdb_GS,EVQGMK,5,11,0,0
EEHEE_rd4_0455.pdb_GS,LNLQVT,30,36,1,0
EEHEE_rd4_0455.pdb_GS,VQGMK,6,11,0,0
EEHEE_rd4_0455.pdb_GS,FAKEM,22,27,0,0
EEHEE_rd4_0581.pdb_S,LGGTFTLKDGTLHVTS,30,46,3,1
EEHEE_rd4_0581.pdb_S,TYTFDNPEQAVE,10,22,0,0
EEHEE_rd4_0581.pdb_S,HMMQVEVNGLTY,0,12,0,1
EEHEE_rd4_0581.pdb_S,HMMQVEVNGLT,0,11,0,0
EEHEE_rd4_0581.pdb_S,YTFDNPEQAVE,11,22,0,0
EEHEE_rd4_0581.pdb_S,AKKLGGTFTLK,27,38,3,0
EEHEE_rd4_0581.pdb_S,TLKDGTLHVTS,35,46,2,0
EEHEE_rd4_0581.pdb_S,TYTFDNPEQA,10,20,0,0
EEHEE_rd4_0581.pdb_S,HMMQVEVNGL,0,10,0,1
EEHEE_rd4_0581.pdb_S,TFDNPEQAVE,12,22,0,0
EEHEE_rd4_0581.pdb_S,KDGTLHVTS,37,46,1,1
EEHEE_rd4_0581.pdb_S,LGGTFTLKD,30,39,2,0
EEHEE_rd4_0581.pdb_S,TYTFDNPEQ,10,19,0,0
EEHEE_rd4_0581.pdb_S,QVEVNGLTY,3,12,0,0
EEHEE_rd4_0581.pdb_S,VEVNGLTY,4,12,0,0
EEHEE_rd4_0581.pdb_S,DGTLHVTS,38,46,0,1
EEHEE_rd4_0581.pdb_S,LGGTFTLK,30,38,1,1
EEHEE_rd4_0581.pdb_S,HMMQVEVN,0,8,0,0
EEHEE_rd4_0581.pdb_S,QVEVNGL,3,10,0,0
EEHEE_rd4_0581.pdb_S,LGGTFTL,30,37,0,1
EEHEE_rd4_0581.pdb_S,VEVNGL,4,10,0,0
EEHEE_rd4_0581.pdb_S,TYTFDN,10,16,0,0
EEHEE_rd4_0581.pdb_S,HMMQVE,0,6,0,0
EEHEE_rd4_0660.pdb_S,NAQVHYKDGTYKIES,31,46,3,1
EEHEE_rd4_0660.pdb_S,EYHFDNPEEAKK,10,22,1,1
EEHEE_rd4_0660.pdb_S,EYHFDNPEEAK,10,21,0,1
EEHEE_rd4_0660.pdb_S,EYHFDNPEE,10,19,0,0
EEHEE_rd4_0660.pdb_S,DGTYKIES,38,46,1,1
EEHEE_rd4_0660.pdb_S,TVDVQGL,3,10,0,1
EEHEE_rd4_0986,GVTYHFDNPEEAY,8,21,0,0
EEHEE_rd4_0986,GVTYHFDNPEEA,8,20,0,0
EEHEE_rd4_0986,GVTYHFDNPEE,8,19,0,0
EEHEE_rd4_0986,VEVHNGQFHIE,34,45,0,1
EEHEE_rd4_0986,HMLQVHVD,0,8,0,0
EEHEE_rd4_0986,VEVHNGQF,34,42,0,0
EHEE_rd2_0051,TELKKKGKTVTIYET,18,33,5,0
EHEE_rd2_0051,LKKKGKTVTIYET,20,33,5,0
EHEE_rd2_0051,HMSEQITVTDEN,0,12,0,0
EHEE_rd2_0051,KKGKTVTIYET,22,33,3,0
EHEE_rd2_0051,VTDENEARRIA,7,18,1,0
EHEE_rd2_0051,GKTVTIYET,24,33,1,0
EHEE_rd2_0051,NGTYTVEYD,33,42,1,0
EHEE_rd2_0051,HMSEQITVT,0,9,0,0
EHEE_rd2_0051,NGTYTVEY,33,41,0,0
EHEE_rd2_0051,ITVTDEN,5,12,0,0
EHEE_rd2_0051,HMSEQIT,0,7,0,0
EHEE_rd2_0051,IATELK,16,22,0,1
EHEE_rd2_0051,TVEYD,37,42,0,1
EHEE_rd2_0061,GYDVQVTEDNGK,24,36,0,1
EHEE_rd2_0061,HMTETRTYTNET,0,12,1,0
EHEE_rd2_0061,DVQVTEDNGK,26,36,0,1
EHEE_rd2_0061,HMTETRTYTN,0,10,1,0
EHEE_rd2_0061,EARRIVEEL,12,21,1,0
EHEE_rd2_0061,HMTETRTY,0,8,0,1
EHEE_rd2_0061,DVQVTED,26,33,0,0
EHEE_rd2_0061,IVEELRR,16,23,1,1
EHEE_rd2_0061,IVEEL,16,21,0,1
EHEE_rd2_0526.pdb_G,ARKLKSKGLTVRVE,17,31,6,0
EHEE_rd2_0526.pdb_G,DDKTQAETAARKL,8,21,2,1
EHEE_rd2_0526.pdb_G,VEDRNGEFHLE,29,40,1,0
EHEE_rd2_0526.pdb_G,LKSKGLTVRVE,20,31,4,0
EHEE_rd2_0526.pdb_G,TQAETAARKL,11,21,1,1
EHEE_rd2_0526.pdb_G,KSKGLTVRVE,21,31,3,0
EHEE_rd2_0526.pdb_G,VEDRNGEFHL,29,39,0,1
EHEE_rd2_0526.pdb_G,DRNGEFHLE,31,40,1,0
EHEE_rd2_0526.pdb_G,SKGLTVRVE,22,31,2,0
EHEE_rd2_0526.pdb_G,HMTTTYTY,0,8,0,1
EHEE_rd2_0526.pdb_G,DRNGEFHL,31,39,0,0
EHEE_rd2_0526.pdb_G,NGEFHLE,33,40,0,0
EHEE_rd2_0526.pdb_G,FHLEVRG,36,43,1,0
EHEE_rd2_1003,KAGLTVTVTERNGK,22,36,2,0
EHEE_rd2_1003,AGLTVTVTERNGK,23,36,1,1
EHEE_rd2_1003,HMTLTYTTTDRE,0,12,2,0
EHEE_rd2_1003,AGLTVTVTER,23,33,0,1
EHEE_rd2_1003,HMTLTYTTTD,0,10,1,0
EHEE_rd2_1003,TYTTTDREE,4,13,1,0
EHEE_rd2_1003,HMTLTYTT,0,8,1,0
EHEE_rd2_1003,YTTTDREE,5,13,1,0
EHEE_rd2_1003,TYTTTDRE,4,12,1,0
EHEE_rd2_1003,HMTLTY,0,6,0,1
EHEE_rd2_1003,FEVRVE,36,42,0,1
EHEE_rd2_1162.pdb_G,DDETAARTAYETARK,8,23,2,1
EHEE_rd2_1162.pdb_G,TAARTAYETARK,11,23,2,0
EHEE_rd2_1162.pdb_G,YTKSGGKYRVE,29,40,4,0
EHEE_rd2_1162.pdb_G,AARTAYETARK,12,23,2,0
EHEE_rd2_1162.pdb_G,YDDETAARTA,7,17,1,0
EHEE_rd2_1162.pdb_G,DDETAARTA,8,17,0,0
EHEE_rd2_1162.pdb_G,SGGKYRVE,32,40,2,0
EHEE_rd2_1162.pdb_G,YEYDDET,5,12,1,0
EHEE_rd2_1162.pdb_G,HMTEEYE,0,7,0,0
EHEE_rd2_1162.pdb_G,EYDDET,6,12,0,0
EHEE_rd2_1162.pdb_G,YEYDDE,5,11,1,0
EHEE_rd2_1162.pdb_G,HMTEEY,0,6,0,1
EHEE_rd2_1162.pdb_G,NGLDVR,23,29,0,1
EHEE_rd2_1162.pdb_G,GLDVR,24,29,0,0
EHEE_rd4_0515,YTFNGEEQAKR,5,16,1,0
EHEE_rd4_0515,NNQWIVKVK,33,42,0,0
EHEE_rd4_0515,IENNQWIVK,31,40,0,0
EHEE_rd4_0515,EAEVHIE,26,33,0,0
EHEE_rd4_0515,YTFNGEE,5,12,0,0
EHEE_rd4_0515,NNQWIVK,33,40,0,0
EHEE_rd4_0515,MMDRNL,20,26,0,0
EHEE_rd4_0515,HMEID,0,5,0,0
EHEE_rd4_0515,QWIVK,35,40,0,0
EHEE_rd4_0515,MDRNL,21,26,0,0
EHEE_rd4_0555,VEEHNGHFIIE,29,40,0,0
EHEE_rd4_0555,ADRIVNELK,13,22,1,1
EHEE_rd4_0555,ADRIVNEL,13,21,0,1
EHEE_rd4_0555,NGHFIIE,33,40,0,0
EHEE_rd4_0653.pdb_G,HMDETITVDGEEL,0,13,0,1
EHEE_rd4_0653.pdb_G,HMDETITVDGEE,0,12,0,0
EHEE_rd4_0653.pdb_G,ITVDGEEL,5,13,0,0
EHEE_rd4_0653.pdb_G,ITVDGEE,5,12,0,0
EHEE_rd4_0653.pdb_G,YVDRNL,20,26,1,0
F1QJI9.1_2566-2595,HMLPPSWKVARDPEGRIY,0,18,2,1
F1QJI9.1_2566-2595,VARDPEGRIY,8,18,1,1
F1QJI9.1_2566-2595,TRQTQWDPP,23,32,0,0
F1QJI9.1_2566-2595,ARDPEGRIY,9,18,1,0
F1QJI9.1_2566-2595,YYHIITRQT,18,27,2,0
F1QJI9.1_2566-2595,HMLPPSWK,0,8,0,1
F1QJI9.1_2566-2595,YHIITRQT,19,27,1,0
F1QJI9.1_2566-2595,YYHIIT,18,24,1,0
F1QJI9.1_2566-2595,YYHII,18,23,1,0
F1QJI9.1_2566-2595,QWDPP,27,32,0,0
F5L8Z4.1_645-698,VTAQNVSPGVRLRPGSEL,34,52,1,1
F5L8Z4.1_645-698,AQNVSPGVRLRPGSEL,36,52,1,0
F5L8Z4.1_645-698,HMVETPDMTGWSLK,0,14,0,1
F5L8Z4.1_645-698,DWASVTRMK,17,26,0,1
F5L8Z4.1_645-698,HMVETPDM,0,8,0,0
F5L8Z4.1_645-698,TGWSLK,8,14,0,0
H6BQE2.1_289-332,LKAANPNVNWDTLL,24,38,2,0
H6BQE2.1_289-332,KAANPNVNWDTLL,25,38,1,1
H6BQE2.1_289-332,LKAANPNVNWDTL,24,37,1,0
H6BQE2.1_289-332,KAANPNVNWDTL,25,37,0,1
H6BQE2.1_289-332,AVAQGDDGYKIA,3,15,1,0
H6BQE2.1_289-332,AANPNVNWDTLL,26,38,0,1
H6BQE2.1_289-332,AANPNVNWDTL,26,37,0,1
H6BQE2.1_289-332,AVAQGDDGYK,3,13,0,1
H6BQE2.1_289-332,IATTLGVTL,13,22,0,1
H6BQE2.1_289-332,LVGQSLNVP,37,46,1,1
H6BQE2.1_289-332,VGQSLNVP,38,46,0,1
H6BQE2.1_289-332,TTLGVTL,15,22,0,0
H6BQE2.1_289-332,TTLGVT,15,21,0,0
HEEH_TK_rd5_0059,RSINLWGIE,18,27,1,0
HEEH_TK_rd5_0059,IEEALRDN,10,18,1,0
HEEH_TK_rd5_0059,LWGIEVR,22,29,0,0
HEEH_TK_rd5_0059,HMSLEEL,0,7,0,1
HEEH_TK_rd5_0453.pdb_GG,EALERGESLHLF,12,24,3,0
HEEH_TK_rd5_0453.pdb_GG,EALERGESLHL,12,23,2,1
HEEH_TK_rd5_0453.pdb_GG,LERGESLHLF,14,24,3,0
HEEH_TK_rd5_0453.pdb_GG,ERGESLHLF,15,24,2,0
HEEH_TK_rd5_0453.pdb_GG,LERGESLHL,14,23,2,0
HEEH_TK_rd5_0453.pdb_GG,HMDEEELRR,0,9,1,1
HEEH_TK_rd5_0453.pdb_GG,DEEEWKKL,29,37,1,1
HEEH_TK_rd5_0453.pdb_GG,RGESLHLF,16,24,2,0
HEEH_TK_rd5_0453.pdb_GG,DEEEWKK,29,36,0,1
HEEH_TK_rd5_0453.pdb_GG,LERGESL,14,21,1,0
HEEH_TK_rd5_0453.pdb_GG,HMDEEEL,0,7,0,1
HEEH_TK_rd5_0453.pdb_GG,EEWKKL,31,37,1,0
HEEH_TK_rd5_0453.pdb_GG,LEWLRR,37,43,2,1
HEEH_TK_rd5_0453.pdb_GG,FGFEIR,23,29,0,1
HEEH_TK_rd5_0453.pdb_GG,SLHLF,19,24,1,0
HEEH_TK_rd5_0453.pdb_GG,GFEIR,24,29,0,0
HEEH_TK_rd5_0710.pdb_G,HMTEEEIKER,0,10,0,1
HEEH_TK_rd5_0710.pdb_G,HMTEEEIK,0,8,0,1
HEEH_TK_rd5_0710.pdb_G,RLKELWR,9,16,3,0
HEEH_TK_rd5_0710.pdb_G,IENWEEA,27,34,0,0
HEEH_TK_rd5_0710.pdb_G,IENWEE,27,33,0,0
HEEH_TK_rd5_0710.pdb_G,NRTINL,17,23,0,0
HEEH_TK_rd5_2117.pdb_G,FRILGVEVRSEEEL,20,34,2,0
HEEH_TK_rd5_2117.pdb_G,HMSFEDL,0,7,0,1
HEEH_TK_rd5_2117.pdb_G,FRWLEE,37,43,1,0
HEEH_TK_rd5_2117.pdb_G,RSFRIL,18,24,1,0
HEEH_TK_rd5_2117.pdb_G,AFRWLE,36,42,1,0
HEEH_TK_rd5_2591.pdb_G,NGKRVRVLGY,16,26,3,0
HEEH_TK_rd5_2591.pdb_G,IDNGKRVRVL,14,24,2,1
HEEH_TK_rd5_2591.pdb_G,NGKRVRVL,16,24,2,0
HEEH_TK_rd5_2591.pdb_G,ETTNLEE,26,33,0,0
HEEH_TK_rd5_2591.pdb_G,GYETTNL,24,31,0,1
HEEH_TK_rd5_2591.pdb_G,REEIKKL,7,14,2,1
HEEH_TK_rd5_2591.pdb_G,WLKERG,40,46,2,0
HEEH_TK_rd5_2591.pdb_G,LEEWLK,37,43,1,1
HEEH_TK_rd5_2969.pdb_S,IFKERGTSIN,12,22,1,0
HEEH_TK_rd5_2969.pdb_S,HMSEEEL,0,7,0,1
HEEH_TK_rd5_2969.pdb_S,FAGIEVH,22,29,0,0
HEEH_TK_rd5_2969.pdb_S,ERLKRIF,7,14,3,0
HEEH_TK_rd5_3127.pdb_GS,EGRTVHVAGFEIR,16,29,0,1
HEEH_TK_rd5_3127.pdb_GS,TVHVAGFEIR,19,29,0,1
HEEH_TK_rd5_3127.pdb_GS,VAGFEIR,22,29,0,0
HEEH_TK_rd5_3127.pdb_GS,GFEIR,24,29,0,0
HEEH_TK_rd5_3163.pdb_GS,FKRNLTIEL,14,23,2,0
HEEH_TK_rd5_3163.pdb_GS,HMDLEEA,0,7,0,0
HEEH_TK_rd5_3163.pdb_GS,EEFAREA,7,14,0,0
HEEH_TK_rd5_3762.pdb_S,EAQKALERGETWED,9,23,2,0
HEEH_TK_rd5_3762.pdb_S,EAQKALERGET,9,20,2,0
HEEH_TK_rd5_3762.pdb_S,ALERGETWED,13,23,1,0
HEEH_TK_rd5_3762.pdb_S,NGERWTNLEE,23,33,1,0
HEEH_TK_rd5_3762.pdb_S,WEDNGERWTN,20,30,0,0
HEEH_TK_rd5_3762.pdb_S,GERWTNLEE,24,33,1,0
HEEH_TK_rd5_3762.pdb_S,HMDEERRIE,0,9,1,0
HEEH_TK_rd5_3762.pdb_S,NGERWTNLE,23,32,1,0
HEEH_TK_rd5_3762.pdb_S,LERGETWED,14,23,1,0
HEEH_TK_rd5_3762.pdb_S,ERGETWED,15,23,0,0
HEEH_TK_rd5_3762.pdb_S,NGERWTNL,23,31,0,0
HEEH_TK_rd5_3762.pdb_S,ALERGET,13,20,1,0
HEEH_TK_rd5_3762.pdb_S,NGERWTN,23,30,0,0
HEEH_TK_rd5_3762.pdb_S,WEDNGER,20,27,0,0
HEEH_TK_rd5_3762.pdb_S,WTNLEE,27,33,0,0
HEEH_TK_rd5_3762.pdb_S,WEDNGE,20,26,0,0
HEEH_TK_rd5_3762.pdb_S,FERWLK,33,39,1,0
HEEH_TK_rd5_3762.pdb_S,WLKEW,36,41,1,0
HEEH_TK_rd5_4785.pdb_GS,IRQGKDVHFAGIR,14,27,1,1
HEEH_TK_rd5_4785.pdb_GS,QGKDVHFAGIR,16,27,0,1
HEEH_TK_rd5_4785.pdb_GS,DVHFAGIRVT,19,29,0,0
HEEH_TK_rd5_4785.pdb_GS,VHFAGIRVT,20,29,0,0
HEEH_TK_rd5_4785.pdb_GS,DVHFAGIR,19,27,0,1
HEEH_TK_rd5_4785.pdb_GS,LKHIEEL,7,14,1,1
HEEH_TK_rd5_4785.pdb_GS,VHFAGIR,20,27,0,0
HEEH_TK_rd5_4785.pdb_GS,KHIEELI,8,15,1,0
HEEH_TK_rd5_5534.pdb_GS,NESIHFDGWTAH,17,29,0,0
HEEH_TK_rd5_5534.pdb_GS,FKRIIEHLRR,33,43,3,0
HEEH_TK_rd5_5534.pdb_GS,FKRIIEHLR,33,42,2,0
HEEH_TK_rd5_5534.pdb_GS,IHFDGWTAH,20,29,0,0
HEEH_TK_rd5_5534.pdb_GS,ERNESIHFD,15,24,0,0
HEEH_TK_rd5_5534.pdb_GS,NESIHFDGW,17,26,0,0
HEEH_TK_rd5_5534.pdb_GS,IHFDGW,20,26,0,0
HEEH_rd2_0383.pdb_GS,EAYEKGQPVTINGNTFEPGSD,11,32,1,0
HEEH_rd2_0383.pdb_GS,YEKGQPVTINGNTFEPGSD,13,32,1,0
HEEH_rd2_0383.pdb_GS,YEKGQPVTINGNTF,13,27,1,0
HEEH_rd2_0383.pdb_GS,EAYEKGQPVTINGN,11,25,1,0
HEEH_rd2_0383.pdb_GS,TFEPGSDEWKRA,25,37,1,0
HEEH_rd2_0383.pdb_GS,YEKGQPVTINGN,13,25,1,0
HEEH_rd2_0383.pdb_GS,TFEPGSD,25,32,0,0
HEEH_rd3_0083.pdb_G,NGETYKPGTDD,22,33,0,0
HEEH_rd3_0083.pdb_G,AEKNNRPFTY,12,22,0,1
HEEH_rd3_0083.pdb_G,NNRPFTYNGE,15,25,0,0
HEEH_rd3_0083.pdb_G,NGETYKPGTD,22,32,0,0
HEEH_rd3_0083.pdb_G,TYKPGTDD,25,33,0,0
HEEH_rd3_0083.pdb_G,NNRPFTY,15,22,0,1
HEEH_rd3_0083.pdb_G,TYKPGTD,25,32,0,0
HEEH_rd3_0083.pdb_G,HMSQKL,0,6,0,1
HEEH_rd3_0083.pdb_G,LELIRK,6,12,2,1
HEEH_rd3_0083.pdb_G,LLELIR,5,11,2,1
HEEH_rd3_0083.pdb_G,LLEL,5,9,1,1
HHH_rd1_0016.pdb_S,LKQAGFSPEEIER,26,39,1,1
HHH_rd1_0016.pdb_S,LKQAGFSPEEIE,26,38,1,0
HHH_rd1_0016.pdb_S,ELLKQAGFSPEE,24,36,2,0
HHH_rd1_0016.pdb_S,LLKQAGFSPEE,25,36,2,0
HHH_rd1_0016.pdb_S,HMPTDELHER,0,10,0,1
HHH_rd1_0016.pdb_S,LKQAGFSPEE,26,36,1,0
HHH_rd1_0016.pdb_S,KQAGFSPEE,27,36,0,0
HHH_rd1_0016.pdb_S,QAGFSPEE,28,36,0,0
HHH_rd1_0016.pdb_S,IERVVRT,36,43,1,0
HHH_rd1_0016.pdb_S,HMPTDEL,0,7,0,1
HHH_rd1_0016.pdb_S,IERVVR,36,42,0,0
HHH_rd1_0236,IAKKLGATPEEIE,25,38,2,0
HHH_rd1_0236,LYRDGYSPDEAAK,12,25,3,0
HHH_rd1_0236,LGATPEEIERARK,29,42,2,1
HHH_rd1_0236,YRDGYSPDEAAK,13,25,2,1
HHH_rd1_0236,AKKLGATPEEI,26,37,2,0
HHH_rd1_0236,IAKKLGATPEE,25,36,2,0
HHH_rd1_0236,LYRDGYSPDE,12,22,3,0
HHH_rd1_0236,YRDGYSPDE,13,22,2,0
HHH_rd1_0236,GYSPDEAAK,16,25,0,0
HHH_rd1_0236,HMPEDVKKL,0,9,1,1
HHH_rd1_0236,LGATPEEIE,29,38,0,0
HHH_rd1_0236,LGATPEE,29,36,0,0
HHH_rd1_0236,HMPEDVK,0,7,0,1
HHH_rd2_0009.pdb_GS,LKKQGFTEDEIEK,26,39,2,1
HHH_rd2_0009.pdb_GS,LKKQGFTEDEIE,26,38,2,0
HHH_rd2_0009.pdb_GS,LKKQGFTEDE,26,36,2,0
HHH_rd2_0009.pdb_GS,QLKNDGYSEE,11,21,2,0
HHH_rd2_0009.pdb_GS,AADRIRQLK,5,14,2,0
HHH_rd2_0009.pdb_GS,DEAADRIRQ,3,12,1,0
HHH_rd2_0009.pdb_GS,LKKQGFTE,26,34,2,0
HHH_rd2_0009.pdb_GS,AADRIRQL,5,13,1,0
HHH_rd2_0009.pdb_GS,SEEWIKQY,18,26,0,1
HHH_rd2_0009.pdb_GS,QGFTEDE,29,36,0,0
HHH_rd2_0009.pdb_GS,QLKNDGY,11,18,1,1
HHH_rd2_0009.pdb_GS,EWIKQY,20,26,0,0
HHH_rd2_0009.pdb_GS,DRIRQL,7,13,1,0
HHH_rd2_0009.pdb_GS,SEEWIK,18,24,0,1
HHH_rd2_0009.pdb_GS,QGFTE,29,34,0,0
HHH_rd2_0009.pdb_GS,WIKQY,21,26,0,0
HHH_rd2_0123.pdb_GS,LYKNGASDEQIERA,12,26,3,0
HHH_rd2_0123.pdb_GS,YKNGASDEQIERA,13,26,2,0
HHH_rd2_0123.pdb_GS,LYKNGASDEQIER,12,25,2,0
HHH_rd2_0123.pdb_GS,LYKNGASDEQIE,12,24,2,0
HHH_rd2_0123.pdb_GS,YKNGASDEQIER,13,25,1,1
HHH_rd2_0123.pdb_GS,YKNGASDEQIE,13,24,1,0
HHH_rd2_0123.pdb_GS,LYKNGASDEQ,12,22,2,0
HHH_rd2_0123.pdb_GS,NGVSEEKIK,29,38,0,1
HHH_rd2_0123.pdb_GS,HMEDEVK,0,7,0,1
HHH_rd2_0194,LAKNGATRDQIEEVLRRLGASDDEIKQILKNIG,12,45,9,1
HHH_rd2_0194,LAKNGATRDQIEEVL,12,27,2,1
HHH_rd2_0194,GASDDEIKQILKNIG,30,45,2,1
HHH_rd2_0194,LRRLGASDDEIKQIL,26,41,4,0
HHH_rd2_0194,LAKNGATRDQIEEV,12,26,2,0
HHH_rd2_0194,RRLGASDDEIKQIL,27,41,3,1
HHH_rd2_0194,LGASDDEIKQIL,29,41,1,1
HHH_rd2_0194,NGATRDQIEEVL,15,27,0,1
HHH_rd2_0194,LAKNGATRDQIE,12,24,2,0
HHH_rd2_0194,RRLGASDDEIK,27,38,2,1
HHH_rd2_0194,GASDDEIKQIL,30,41,0,1
HHH_rd2_0194,NGATRDQIEEV,15,26,0,0
HHH_rd2_0194,NGATRDQIE,15,24,0,0
HHH_rd2_0194,LGASDDEIK,29,38,0,1
HHH_rd2_0194,DEIKQIL,34,41,0,0
HHH_rd2_0194,EVLRRL,24,30,2,0
HHH_rd2_0194,EIKQIL,35,41,0,0
HHH_rd3_0218,LGLSPEAVEQARQ,29,42,2,0
HHH_rd3_0218,IAKELGLSPEAVE,25,38,2,0
HHH_rd3_0218,IERKQLSPDQAEK,12,25,2,0
HHH_rd3_0218,IAKELGLSPEA,25,36,2,0
HHH_rd3_0218,QLSPDQAEK,16,25,0,1
HHH_rd3_0218,LGLSPEA,29,36,1,0
HHH_rd4_0032.pdb_GS,LLKDGYDDDQIRRILQK,12,29,6,1
HHH_rd4_0032.pdb_GS,LLKDGYDDDQIRRIL,12,27,5,1
HHH_rd4_0032.pdb_GS,QKQGVSDEEVDRVIR,27,42,1,1
HHH_rd4_0032.pdb_GS,ILQKQGVSDEEVD,25,38,1,0
HHH_rd4_0032.pdb_GS,QGVSDEEVDRVIR,29,42,0,1
HHH_rd4_0032.pdb_GS,LLKDGYDDDQIRR,12,25,4,1
HHH_rd4_0032.pdb_GS,LLKDGYDDDQIR,12,24,3,1
HHH_rd4_0032.pdb_GS,QKQGVSDEEVD,27,38,0,0
HHH_rd4_0032.pdb_GS,ILQKQGVSDEE,25,36,1,0
HHH_rd4_0032.pdb_GS,LLKDGYDDDQ,12,22,3,0
HHH_rd4_0032.pdb_GS,DQIRRILQK,20,29,2,0
HHH_rd4_0032.pdb_GS,QGVSDEEVD,29,38,0,0
HHH_rd4_0032.pdb_GS,LLKDGYDD,12,20,3,0
HHH_rd4_0032.pdb_GS,DQIRRIL,20,27,1,0
HHH_rd4_0032.pdb_GS,IERIVEK,5,12,0,1
HHH_rd4_0032.pdb_GS,ERIVEKL,6,13,1,0
HHH_rd4_0032.pdb_GS,ERIVEK,6,12,0,0
HHH_rd4_0041.pdb_G,LLKDGYSPEQVVKIL,12,27,4,1
HHH_rd4_0041.pdb_G,LKDGYSPEQVVKIL,13,27,3,1
HHH_rd4_0041.pdb_G,LLKDGYSPEQVVK,12,25,3,1
HHH_rd4_0041.pdb_G,DGYSPEQVVKIL,15,27,1,1
HHH_rd4_0041.pdb_G,LKDGYSPEQVVK,13,25,2,1
HHH_rd4_0041.pdb_G,GYSPEQVVKIL,16,27,1,0
HHH_rd4_0041.pdb_G,DGYSPEQVVK,15,25,0,1
HHH_rd4_0041.pdb_G,ILKRRGIDEK,25,35,3,1
HHH_rd4_0041.pdb_G,LLKDGYSPEQ,12,22,3,0
HHH_rd4_0041.pdb_G,VEKAVEKL,5,13,1,1
HHH_rd4_0041.pdb_G,EVIKKLSG,38,46,2,1
HHH_rd4_0041.pdb_G,HMDERVE,0,7,0,0
HHH_rd4_0041.pdb_G,EVREVIK,35,42,0,1
HHH_rd4_0048.pdb_S,LLRNGISPDEVREIL,12,27,3,1
HHH_rd4_0048.pdb_S,LRNGISPDEVREIL,13,27,2,1
HHH_rd4_0048.pdb_S,KRQGVSDEEIEEA,27,40,1,0
HHH_rd4_0048.pdb_S,LLRNGISPDEVR,12,24,2,1
HHH_rd4_0048.pdb_S,NGISPDEVREIL,15,27,0,1
HHH_rd4_0048.pdb_S,KRQGVSDEEIE,27,38,1,0
HHH_rd4_0048.pdb_S,LKKIVERL,5,13,3,0
HHH_rd4_0048.pdb_S,QGVSDEEI,29,37,0,0
HHH_rd4_0048.pdb_S,IVERLLR,8,15,2,1
HHH_rd4_0048.pdb_S,HMDEELK,0,7,0,1
HHH_rd4_0048.pdb_S,LKKIVER,5,12,2,0
HHH_rd4_0048.pdb_S,ERLLRN,10,16,3,0
HHH_rd4_0150,LKKNGVDPRQIK,12,24,3,1
HHH_rd4_0150,DEVDKVVREVV,34,45,1,0
HHH_rd4_0150,EVDKVVREVV,35,45,1,0
HHH_rd4_0150,LGLSDDEVDK,29,39,1,1
HHH_rd4_0150,HMDEEAKKL,0,9,1,1
HHH_rd4_0150,NGVDPRQIK,15,24,0,1
HHH_rd4_0150,GLSDDEVDK,30,39,0,1
HHH_rd4_0150,LGLSDDEVD,29,38,1,0
HHH_rd4_0150,DEVDKVVR,34,42,0,0
HHH_rd4_0150,GLSDDEVD,30,38,0,0
HHH_rd4_0150,KKLGLSDD,27,35,3,0
HHH_rd4_0150,KVVREVV,38,45,1,0
HHH_rd4_0150,PRQIK,19,24,0,0
HHH_rd4_0384,VAREAYKNGASPDDIEKL,8,26,3,1
HHH_rd4_0384,YKNGASPDDIEKLL,13,27,3,0
HHH_rd4_0384,AYKNGASPDDIEKL,12,26,2,0
HHH_rd4_0384,YKNGASPDDIEKL,13,26,2,0
HHH_rd4_0384,LGVSEEEIKRIL,29,41,2,0
HHH_rd4_0384,YKNGASPDDIEK,13,25,1,0
HHH_rd4_0384,GVSEEEIKRIL,30,41,1,1
HHH_rd4_0384,LRELGVSEEE,26,36,2,0
HHH_rd4_0384,LGVSEEEIK,29,38,0,0
HHH_rd4_0384,GVSEEEIK,30,38,0,1
HHH_rd4_0384,HMMEEAEK,0,8,0,1
HHH_rd4_0384,LGVSEEE,29,36,0,0
HHH_rd4_0384,RILKRVV,38,45,3,1
HHH_rd4_0384,LGVSEE,29,35,0,0
HHH_rd4_0384,HMMEE,0,5,0,0
HHH_rd4_0431.pdb_S,LQKGNEDEVKEL,14,26,2,0
HHH_rd4_0431.pdb_S,EALQKGNEDEVK,12,24,1,0
HHH_rd4_0431.pdb_S,LQKGNEDEVK,14,24,1,0
HHH_rd4_0431.pdb_S,VKRLGVSEEE,26,36,2,0
HHH_rd4_0431.pdb_S,DVVQRIHEA,5,14,0,0
HHH_rd4_0431.pdb_S,VKRLGVSEE,26,35,2,0
HHH_rd4_0431.pdb_S,LGVSEEE,29,36,0,0
HHH_rd4_0431.pdb_S,DVVQRIH,5,12,0,0
HHH_rd4_0431.pdb_S,LGVSEE,29,35,0,0
HHH_rd4_0564.pdb_GS,EIAKRRGDEDVVK,24,37,2,1
HHH_rd4_0564.pdb_GS,IAKRRGDEDVVK,25,37,2,0
HHH_rd4_0564.pdb_GS,IVQRLKRSGS,37,47,3,1
HHH_rd4_0564.pdb_GS,DQIYEIAKR,20,29,1,1
HHH_rd4_0564.pdb_GS,LQREGYSL,12,20,2,1
HHH_rd4_0564.pdb_GS,DQIYEIA,20,27,0,0
HHH_rd4_0564.pdb_GS,IVQRLKR,37,44,2,1
HHH_rd4_0564.pdb_GS,YSLDQIY,17,24,1,0
HHH_rd4_0564.pdb_GS,LQREGY,12,18,1,1
HHH_rd4_0564.pdb_GS,SLDQIY,18,24,0,1
HHH_rd4_0639,NGDKDKVLEILKK,16,29,4,0
HHH_rd4_0639,KKQGVSDEELDK,27,39,2,1
HHH_rd4_0639,NGDKDKVLEIL,16,27,2,0
HHH_rd4_0639,KKQGVSDEEL,27,37,1,1
HHH_rd4_0639,QGVSDEELDK,29,39,0,1
HHH_rd4_0639,DKVRKILS,37,45,3,1
HHH_rd4_0639,NGDKDKVL,16,24,1,0
HHH_rd4_0639,HMDKVEEL,0,8,0,1
HHH_rd4_0639,VKEALRRA,8,16,3,0
HHH_rd4_0639,DKVLEIL,20,27,1,1
HHH_rd4_0639,VLEILKK,22,29,2,1
HHH_rd4_0639,DKVRKIL,37,44,2,1
HHH_rd4_0639,VRKILS,39,45,2,1
HHH_rd4_0639,VEELVK,4,10,0,1
K0J079.1_75-116,DSDLIIIGHTL,31,42,0,1
K0J079.1_75-116,HMHTIEKGDTL,0,11,0,1
L0K8L2.1_130-173,IADPDIIFPGRIL,30,43,0,0
L0K8L2.1_130-173,IADPDIIFPGRI,30,42,0,0
L0K8L2.1_130-173,DTTVDALVR,18,27,0,1
L0K8L2.1_130-173,YDTTVDAL,17,25,0,0
L0K8L2.1_130-173,YVQPGDTL,3,11,0,1
L0K8L2.1_130-173,ALVRINN,23,30,1,0
L0K8L2.1_130-173,YEIAQEY,11,18,0,1
L0K8L2.1_130-173,DTTVDAL,18,25,0,1
L0K8L2.1_130-173,YDTTVDA,17,24,0,0
L0K8L2.1_130-173,TVDALVR,20,27,0,0
L0K8L2.1_130-173,ALVRIN,23,29,1,0
L0K8L2.1_130-173,YEIAQE,11,17,0,0
L0K8L2.1_130-173,YDTTVD,17,23,0,0
M7TCS5.1_1-62,VKWFNPRKGFGF,6,18,2,0
M7TCS5.1_1-62,VHQNDIAEGTQL,28,40,0,0
M7TCS5.1_1-62,FGFITGEDGK,15,25,0,0
M7TCS5.1_1-62,ITGEDGKDIF,18,28,0,0
M7TCS5.1_1-62,VKWFNPRKG,6,15,2,0
M7TCS5.1_1-62,DSVEYEKEE,43,52,1,0
M7TCS5.1_1-62,DIAEGTQL,32,40,0,0
M7TCS5.1_1-62,GEDGKDIF,20,28,0,0
M7TCS5.1_1-62,DSVEYEK,43,50,0,0
M7TCS5.1_1-62,WFNPRKG,8,15,1,0
M7TCS5.1_1-62,IAEGTQL,33,40,0,0
M7TCS5.1_1-62,IFVHQND,26,33,0,0
M7TCS5.1_1-62,IFVHQN,26,32,0,0
PDB1H9E,VANNVTLPAGEQRKDV,21,37,1,0
PDB1H9E,LVANNVTLPAGEQRKD,20,36,2,0
PDB1H9E,VANNVTLPAGEQRKD,21,36,1,0
PDB1H9E,LVANNVTLPAGEQRK,20,35,1,0
PDB1H9E,VANNVTLPAGEQRK,21,35,0,1
PDB1H9E,NVTLPAGEQRKD,24,36,1,0
PDB1H9E,TARNRPPLPAGT,46,58,0,1
PDB1H9E,NNVTLPAGEQRK,23,35,0,0
PDB1H9E,VTLPAGEQRKD,25,36,1,0
PDB1H9E,NVTLPAGEQRK,24,35,0,0
PDB1H9E,VTLPAGEQRK,25,35,0,0
PDB1H9E,LEDPSVLTK,5,14,1,0
PDB1H9E,TKDKLKSEL,12,21,3,1
PDB1H9E,HMPEFLED,0,8,0,0
PDB1H9E,DKLKSEL,14,21,2,1
PDB1H9E,LEDPSVL,5,12,0,0
PDB1H9E,VYVQLY,36,42,1,0
PDB1H9E,PSVLTK,8,14,0,0
PDB1H9E,LYLQHL,40,46,2,0
PDB1H9E,LKSEL,16,21,1,1
PDB1H9E,YLQHL,41,46,1,1
PDB1H9E,VYVQL,36,41,0,0
PDB1H9E,HMPEF,0,5,0,0
PDB1I0C,NASGDSGFVPNNILDIMRTPE,41,62,1,1
PDB1I0C,NASGDSGFVPNNIL,41,55,0,1
PDB1I0C,SGDSGFVPNNIL,43,55,0,0
PDB1I0C,SVMKDDVLEIL,20,31,1,1
PDB1I0C,DDRRQWWKVR,31,41,2,1
PDB1I0C,SVMKDDVL,20,28,0,1
PDB1I0C,NSSELSV,15,22,0,0
PDB1I0C,DIMRTPE,55,62,0,1
PDB1I0C,YDFVAR,9,15,0,1
PDB1I0C,LSVMKD,19,25,1,0
PDB1I0C,IMRTPE,56,62,0,0
PDB1TUD,TLLNSTNKDWWKVEVN,48,64,3,1
PDB1TUD,SPREVTMKKGDILTL,35,50,3,1
PDB1TUD,VKKLDSGTGKELVL,13,27,4,1
PDB1TUD,LNSTNKDWWKVEVN,50,64,2,1
PDB1TUD,HMMDRQGFVPAAY,0,13,0,1
PDB1TUD,SPREVTMKKGDIL,35,48,2,1
PDB1TUD,VKKLDSGTGKEL,13,25,3,1
PDB1TUD,HMMDRQGFVPAA,0,12,0,0
PDB1TUD,DRQGFVPAAY,3,13,0,0
PDB1TUD,DSGTGKELVL,17,27,1,1
PDB1TUD,MKKGDILTL,41,50,2,0
PDB1TUD,TLLNSTNKD,48,57,2,0
PDB1TUD,WWKVEVN,57,64,0,0
PDB2N8S,HMGSPSPLPPGWEERQD,0,17,0,0
PDB2N8S,HMGSPSPLPPGWEERQ,0,16,0,0
PDB2N8S,HMGSPSPLPPGWEER,0,15,0,1
PDB2N8S,HMGSPSPLPPGWEE,0,14,0,0
PDB2N8S,TTQWKRPSPED,30,41,0,1
PDB2N8S,YYVNHESR,22,30,1,0
PDB2N8S,DVLGRTY,16,23,1,0
PDB2N8S,VLGRTY,17,23,1,0
PDB2N8S,LGRTY,18,23,1,0
PDB4CVD,ANAGYDPQAVQDKVNEIL,25,43,1,1
PDB4CVD,NAGYDPQAVQDKVNEIL,26,43,1,0
PDB4CVD,DSLANAGYDPQAVQDK,22,38,1,1
PDB4CVD,ANAGYDPQAVQDK,25,38,0,1
PDB4CVD,NAGYDPQAVQDK,26,38,0,0
PDB4CVD,TTVANEVIQGL,3,14,0,1
PDB4CVD,VANEVIQGL,5,14,0,0
PDB4CVD,VQDKVNEIL,34,43,0,0
PDB4CVD,WGNGQERY,14,22,0,1
PDB4CVD,NEVIQGL,7,14,0,0
PDB4CVD,HMLTTVA,0,7,0,0
PDB4CVD,VNEIL,38,43,0,1
PDB6BV7,KELKQKHPEKEIEQL,27,42,4,1
PDB6BV7,LKQKHPEKEIEQL,29,42,3,0
PDB6BV7,KQKHPEKEIEQL,30,42,2,1
PDB6BV7,DQDDEEARREM,12,23,1,0
PDB6BV7,HPEKEIEQL,33,42,0,1
PDB6BV7,HMSNAVL,0,7,0,1
PDB6BV7,LANYQVL,44,51,1,0
PDB6BV7,IELANY,42,48,0,1
PDB6BV7,MARIL,22,27,0,0
PDB6NNB,VKSGGRVVVQSDQGREF,33,50,2,0
PDB6NNB,VKSGGRVVVQSDQGRE,33,49,2,0
PDB6NNB,SGGRVVVQSDQGREF,35,50,1,0
PDB6NNB,MELDLQPGDVVKVL,5,19,2,0
PDB6NNB,SGGRVVVQSDQGRE,35,49,1,0
PDB6NNB,LDLQPGDVVKVL,7,19,2,0
PDB6NNB,FTARGNQVRLIE,49,61,2,0
PDB6NNB,MELDLQPGDVVK,5,17,1,0
PDB6NNB,VVVQSDQGREF,39,50,0,0
PDB6NNB,ESAALGWVRAR,19,30,1,1
PDB6NNB,TARGNQVRLIE,50,61,2,0
PDB6NNB,DLQPGDVVKVL,8,19,1,1
PDB6NNB,VVVQSDQGRE,39,49,0,0
PDB6NNB,SGGRVVVQSD,35,45,0,0
PDB6NNB,VKSGGRVVVQ,33,43,1,0
PDB6NNB,DLQPGDVVK,8,17,0,1
PDB6NNB,ESAALGWVR,19,28,0,1
PDB6NNB,PGDVVKVL,11,19,0,0
PDB6NNB,SGGRVVVQ,35,43,0,0
PDB6NNB,ARVIRVK,28,35,1,1
PDB6NNB,VLESAAL,17,24,0,1
PDB6NNB,QVRLIE,55,61,1,0
PDB6NNB,MELDLQ,5,11,1,0
Q1Q042.1_149-197,DRNNLRVGTELIIP,37,51,3,1
Q1Q042.1_149-197,NLRVGTELIIP,40,51,2,0
Q1Q042.1_149-197,IFNANQDRIY,27,37,0,1
Q1Q042.1_149-197,DTLHKIARK,8,17,2,1
Q1Q042.1_149-197,RVGTELIIP,42,51,1,1
Q1Q042.1_149-197,NANQDRIY,29,37,0,0
Q1Q042.1_149-197,IFNANQDR,27,35,0,1
Q1Q042.1_149-197,IYDRNNL,35,42,1,1
Q1Q042.1_149-197,KWLLIF,23,29,2,0
Q1Q042.1_149-197,NKWLL,22,27,1,0
Q7S233.1_116-14,HMLPSGWTPKWDDE,0,14,0,0
Q7S233.1_116-14,HMLPSGWTPKWDD,0,13,0,0
Q7S233.1_116-14,LEEATGRSQWEAP,20,33,1,1
Q7S233.1_116-14,EEATGRSQWEAP,21,33,0,1
Q7S233.1_116-14,HMLPSGWTPKWD,0,12,0,0
Q7S233.1_116-14,PSGWTPKWDDE,3,14,0,0
Q7S233.1_116-14,ATGRSQWEAP,23,33,0,0
Q7S233.1_116-14,PSGWTPKWD,3,12,0,0
Q7S233.1_116-14,YYLEEA,18,24,2,0
Q7S233.1_116-14,YYLEE,18,23,2,0
R5ITU7.1_673-727,HMFTVPDVIGMDE,0,13,0,0
R5ITU7.1_673-727,HMFTVPDVIGMD,0,12,0,0
R5ITU7.1_673-727,HMFTVPDVIGM,0,11,0,0
R5LLS0.1_54-104,TVTSGDTLWDIA,3,15,0,0
R5LLS0.1_54-104,HMYTVTSGDTL,0,11,0,1
R5LLS0.1_54-104,TVTSGDTL,3,11,0,1
R5LLS0.1_54-104,DVNDYIA,25,32,0,0
R5LLS0.1_54-104,IYTGQNL,44,51,0,1
R5LLS0.1_54-104,DYIAEIK,28,35,0,0
R5LLS0.1_54-104,EANMDYE,15,22,0,0
R5LLS0.1_54-104,YDDVNDY,23,30,0,1
R5LLS0.1_54-104,IAEIKRM,30,37,1,0
R5LLS0.1_54-104,TGQNLLI,46,53,1,1
R5LLS0.1_54-104,IYTGQN,44,50,0,0
R5LLS0.1_54-104,EANMDY,15,21,0,0
R5LLS0.1_54-104,YSDKIY,40,46,1,1
R5LLS0.1_54-104,YEYYD,20,25,2,0
R5LLS0.1_54-104,HMYTV,0,5,0,0
R6SK17.1_110-17,HMVTVPDLIGKTAVAANQTLAMRNLNIRIQGTKNY,0,35,6,1
R6SK17.1_110-17,HMVTVPDLIGKTAVAANQTLAMRNLNIRIQGTK,0,33,5,1
R6SK17.1_110-17,HMVTVPDLIGKTA,0,13,1,0
R6SK17.1_110-17,HMVTVPDLIG,0,10,0,0
R6SK17.1_110-17,AGSVITVTF,55,64,0,0
R6SK17.1_110-17,HMVTVPDL,0,8,0,1
R6SK17.1_110-17,VAANQTL,13,20,0,0
T1EEB7.1_148-177,HMLPEGWELN,0,10,0,0
T1EEB7.1_148-177,YTNRRLRIT,18,27,4,0
T1EEB7.1_148-177,HMLPEGWEL,0,9,0,1
T1EEB7.1_148-177,LRITQWEDP,23,32,1,1
T1EEB7.1_148-177,ITQWEDP,25,32,0,1
T1EEB7.1_148-177,WELNID,6,12,0,0
T1EEB7.1_148-177,ITQWED,25,31,0,0
T1EEB7.1_148-177,HMLPEG,0,6,0,0
T1EEB7.1_148-177,PEGWEL,3,9,0,0
T1EEB7.1_148-177,QWEDP,27,32,0,0
V6Q4L5.1_554-595,HMYRVKSGDTLYSIARQNGTTVGALKQANGLTSDVIVVGQTLSL,0,44,9,1
V6Q4L5.1_554-595,KQANGLTSDVIVVGQTL,25,42,1,1
V6Q4L5.1_554-595,YSIARQNGTTVGALKQA,11,28,3,0
V6Q4L5.1_554-595,NGLTSDVIVVGQTLSL,28,44,1,0
V6Q4L5.1_554-595,QANGLTSDVIVVGQTL,26,42,0,1
V6Q4L5.1_554-595,YSIARQNGTTVGALK,11,26,2,1
V6Q4L5.1_554-595,QANGLTSDVIVVGQT,26,41,0,0
V6Q4L5.1_554-595,YSIARQNGTTVGAL,11,25,1,1
V6Q4L5.1_554-595,NGLTSDVIVVGQTL,28,42,0,0
V6Q4L5.1_554-595,TSDVIVVGQTLSL,31,44,0,1
V6Q4L5.1_554-595,RQNGTTVGALKQA,15,28,2,0
V6Q4L5.1_554-595,NGLTSDVIVVGQT,28,41,0,0
V6Q4L5.1_554-595,YSIARQNGTTVG,11,23,1,0
V6Q4L5.1_554-595,LTSDVIVVGQTL,30,42,0,0
V6Q4L5.1_554-595,RQNGTTVGALK,15,26,1,0
V6Q4L5.1_554-595,TSDVIVVGQTL,31,42,0,1
V6Q4L5.1_554-595,NGTTVGALKQA,17,28,1,0
V6Q4L5.1_554-595,RQNGTTVGAL,15,25,0,0
V6Q4L5.1_554-595,NGTTVGALK,17,26,0,0
V6Q4L5.1_554-595,VVGQTLSL,36,44,0,0
V6Q4L5.1_554-595,VIVVGQTL,34,42,0,0
V6Q4L5.1_554-595,NGTTVGAL,17,25,0,0
V6Q4L5.1_554-595,NGLTSDV,28,35,0,0
V6Q4L5.1_554-595,VGQTLSL,37,44,0,0
V6Q4L5.1_554-595,IVVGQTL,35,42,0,0
V6Q4L5.1_554-595,HMYRVK,0,6,1,1
V6Q4L5.1_554-595,YSIARQ,11,17,1,0
